ORIGEN,28001,28002,28003,28004,28005,28006,28007,28008,28009,28010,28011,28012,28013,28014,28015,28016,28017,28018,28019,28020,28021,28022,28023,28024,28025,28026,28027,28028,28029,28030,28031,28032,28033,28034,28035,28036,28037,28038,28039,28040,28041,28042,28043,28044,28045,28046,28047,28048,28049,28050,28051,28052,28053,28054,28055,28056,28057,28058,28059,28060,28061,28062,28063,28064,28065,28066,28067,28068,28069,28070,28071,28072,28073,28074,28075,28076,28078,28079,28080,28082,28083,28084,28085,28086,28087,28088,28089,28090,28091,28092,28093,28094,28095,28096,28097,28099,28100,28101,28102,28104,28106,28107,28108,28109,28110,28111,28112,28113,28114,28115,28116,28117,28118,28119,28120,28121,28122,28123,28124,28125,28126,28127,28128,28129,28130,28131,28132,28133,28134,28135,28136,28137,28138,28140,28141,28143,28144,28145,28146,28147,28148,28149,28150,28151,28152,28153,28154,28155,28156,28157,28158,28159,28160,28161,28162,28163,28164,28165,28166,28167,28168,28169,28170,28171,28172,28173,28174,28175,28176,28177,28178,28179,28180,28181,28182,28183,28901,28902,28903,Total general
19024,0,19,1,3,382,81,17,1,6,0,2,2,11,22,5,0,0,0,0,0,0,6,0,3,0,0,0,0,0,0,0,10,2,0,0,0,0,0,0,5,2,0,2,1,2,1,5,1,52,1,0,0,6,0,0,0,0,11,1,1,2,0,0,1,18,1,0,6,0,0,0,0,1,6,8,0,0,593,3,0,81,2,0,0,0,0,0,1,0,2,0,0,0,2,0,0,0,0,0,4,3,0,0,0,0,0,0,6,0,9,0,0,0,0,0,0,0,4,0,0,0,7,0,3,31,0,0,0,15,0,0,3,0,0,0,0,1,0,0,0,49,0,0,0,0,0,4,0,2,0,0,0,0,2,0,0,0,0,0,7,0,0,0,0,3,0,0,0,1,0,0,0,0,1,0,0,2,0,19,1.567
19046,0,37,0,16,1.182,234,31,4,21,0,1,3,42,37,12,1,0,0,0,0,1,8,0,10,0,1,0,0,0,0,0,55,1,0,0,0,2,2,0,12,10,2,2,1,19,2,12,2,127,3,0,1,18,0,0,0,1,29,7,1,6,0,0,0,50,3,1,2,0,0,0,0,16,27,19,0,0,1.666,16,0,222,13,0,0,0,0,4,1,0,8,0,0,1,5,0,0,1,0,0,11,9,0,0,0,0,0,0,11,0,52,0,0,0,0,0,0,0,27,0,0,0,33,0,8,82,0,1,0,37,0,0,13,1,0,0,0,0,2,1,0,149,0,0,0,0,0,12,0,6,0,0,0,0,9,3,0,0,3,0,1,0,1,0,0,19,0,0,0,0,2,0,0,0,1,0,0,0,0,53,4.558
19058,0,6,0,4,173,34,6,0,3,0,0,2,16,5,2,0,0,0,0,0,0,2,0,0,1,0,0,0,0,0,0,4,1,0,0,0,0,1,0,0,1,0,0,0,2,0,0,1,17,0,0,0,3,0,0,0,0,3,1,0,1,0,0,0,13,1,2,0,0,0,0,0,0,9,0,0,0,395,3,0,30,5,0,0,0,0,0,0,0,2,0,0,0,0,0,0,1,0,0,3,0,0,0,0,0,0,0,3,0,10,0,0,0,0,0,0,0,2,0,0,0,9,0,1,10,0,2,0,5,0,0,0,0,0,0,0,0,0,0,0,15,0,0,0,0,0,2,0,0,0,0,0,0,4,0,0,0,0,0,0,0,1,0,0,0,0,0,0,1,0,0,0,0,0,0,0,0,0,12,830
19071,5,16,0,8,154,213,24,0,90,1,0,0,11,1,0,0,0,0,0,0,2,5,0,5,0,0,1,0,0,0,0,3,0,0,0,1,1,0,0,3,9,3,0,0,10,2,9,0,25,0,0,0,15,0,0,0,6,4,25,0,1,0,0,0,16,17,0,0,0,0,0,0,2,16,1,0,0,764,7,0,7,1,0,1,0,0,0,0,0,3,0,0,0,0,0,0,0,0,0,14,0,2,0,0,0,0,0,1,0,28,0,0,0,0,0,2,3,8,0,0,0,19,0,6,7,0,0,0,117,0,0,0,0,0,0,0,0,3,0,0,12,0,0,2,0,0,0,0,2,0,0,0,0,2,20,0,8,0,0,0,0,1,0,0,0,0,0,0,2,0,0,0,0,0,0,0,0,0,23,1.770
19105,0,5,0,1,67,21,4,0,0,0,0,0,3,1,0,0,0,0,0,0,0,2,0,0,0,0,0,0,0,0,0,1,0,0,0,0,1,0,0,1,2,0,0,0,1,0,3,0,9,0,0,0,2,0,1,0,0,1,0,0,0,0,0,0,9,0,0,0,0,0,0,0,2,5,3,0,0,168,1,0,9,0,0,0,0,0,0,0,0,0,0,0,0,0,0,0,0,0,0,0,0,0,0,0,0,0,0,1,0,4,0,0,0,0,0,0,1,1,0,0,0,2,0,0,6,0,0,0,1,0,1,0,0,0,0,0,0,0,0,0,8,0,0,0,0,0,0,0,0,0,0,0,0,0,1,0,0,0,0,0,0,0,0,0,2,0,0,0,0,0,0,0,0,0,0,0,0,0,6,357
19117,0,3,0,0,29,8,9,0,0,0,0,0,4,1,0,0,0,0,0,0,0,0,0,1,0,0,0,0,0,0,0,1,0,0,0,0,0,0,0,0,0,0,0,0,1,0,0,0,0,0,0,0,2,0,0,0,0,0,0,0,0,0,0,0,2,0,0,0,0,0,0,0,0,0,0,0,0,51,0,0,6,0,0,0,0,0,0,0,0,0,0,0,0,0,0,0,0,0,0,0,1,0,0,0,0,0,0,0,0,2,0,0,0,0,0,0,0,0,0,0,0,1,0,0,3,0,0,0,0,0,0,0,0,0,0,0,0,0,0,0,1,0,0,0,0,0,0,0,0,0,0,0,0,0,0,0,0,0,0,0,0,0,0,0,2,0,0,0,0,0,0,0,0,0,0,0,0,0,2,130
19126,0,10,0,0,56,25,7,0,9,0,1,0,2,6,0,0,0,0,0,0,0,2,0,0,0,0,0,0,0,0,0,3,0,0,0,0,0,0,0,1,3,0,0,0,2,0,0,0,4,0,0,0,5,0,0,0,0,1,1,0,0,0,0,0,2,0,0,0,0,0,0,0,0,2,1,0,0,146,2,0,5,0,0,0,0,0,0,0,0,1,0,0,0,1,0,0,0,0,0,6,0,0,1,0,0,0,0,0,0,6,0,0,0,0,0,0,2,1,0,0,0,2,0,0,4,0,0,0,3,0,0,0,0,0,0,0,0,1,0,0,15,1,0,0,0,0,1,0,0,0,0,0,0,0,2,0,1,0,0,0,0,0,0,0,1,0,0,0,0,0,0,0,0,0,0,0,0,0,5,350
19130,4,51,1,30,1.320,398,51,0,24,1,1,3,98,49,11,2,1,0,1,1,0,20,0,7,3,1,4,2,0,0,0,31,6,0,1,0,6,1,0,14,6,0,0,7,24,3,24,1,113,0,0,1,17,0,5,0,1,57,3,1,9,0,0,0,84,3,2,4,0,0,0,3,7,49,16,0,0,2.753,31,0,135,8,0,1,0,0,0,1,1,17,0,0,0,1,0,0,5,0,0,8,17,0,1,0,0,3,0,11,0,89,1,0,0,0,0,0,0,26,0,0,0,51,0,5,121,1,2,0,57,0,0,6,0,0,0,0,3,0,0,0,127,1,0,1,2,0,3,0,3,0,0,0,1,6,2,0,0,2,0,5,0,0,0,0,10,1,0,0,3,1,0,0,2,4,0,0,1,0,70,6.183
19160,0,4,0,0,34,8,2,0,0,0,0,0,0,0,3,0,0,0,0,0,0,0,0,0,0,1,0,0,0,0,0,2,0,0,0,0,0,0,0,1,1,0,0,0,0,0,0,0,2,0,0,0,0,0,0,0,0,2,0,0,0,0,0,0,5,0,0,0,0,0,0,0,0,3,3,0,0,68,0,0,5,0,0,0,0,0,0,0,0,0,0,0,0,0,0,0,2,0,0,0,0,0,0,0,0,2,0,0,0,1,0,0,0,0,0,0,0,0,0,0,0,1,0,1,2,0,0,0,0,0,0,0,0,0,0,0,0,0,0,0,2,0,0,0,0,0,1,0,0,0,0,0,0,0,0,0,0,0,0,0,0,0,0,0,2,0,0,0,0,0,0,1,0,1,0,0,0,0,2,162
19171,0,3,0,3,75,27,5,1,2,0,0,0,6,3,0,0,0,0,0,0,0,1,0,0,0,0,0,0,0,0,0,3,0,0,0,0,0,0,0,1,0,0,0,0,1,0,1,0,10,0,0,0,2,0,1,0,0,2,0,0,1,0,0,0,5,0,1,0,0,0,0,1,0,1,1,0,0,150,0,0,16,1,0,0,0,0,1,0,0,3,0,0,0,0,0,0,0,0,0,0,0,0,0,0,0,0,0,0,0,0,0,0,0,0,0,0,0,2,0,0,0,1,0,0,13,0,0,0,3,0,0,0,0,0,0,0,0,0,0,0,10,0,0,0,0,0,2,0,1,0,0,0,0,1,0,0,0,0,0,1,0,0,0,0,0,0,0,0,0,0,0,0,0,0,0,0,0,0,2,364
19220,0,4,0,0,113,28,9,0,2,0,0,2,3,7,2,0,0,0,0,0,0,1,0,1,0,0,0,0,0,0,0,4,0,0,0,0,0,0,0,1,1,0,0,0,1,0,1,1,8,1,0,0,5,0,0,0,0,3,0,0,1,0,0,0,7,0,0,0,0,0,0,0,0,0,2,0,0,150,0,0,11,5,0,0,0,0,0,0,0,2,0,0,0,1,0,0,1,0,0,1,2,0,0,0,0,3,0,0,0,9,0,0,0,0,0,0,0,1,0,0,0,2,0,0,7,0,0,0,3,0,1,1,0,0,0,0,0,0,0,0,14,0,0,0,0,0,1,0,1,0,0,0,0,0,0,0,0,0,0,1,0,0,0,0,9,0,0,0,0,0,0,0,0,0,0,0,0,0,4,438
19225,0,1,0,2,35,9,3,0,2,0,0,0,2,4,0,1,0,0,0,0,0,0,0,0,0,0,0,0,0,0,0,0,1,0,0,0,0,0,0,2,1,0,0,0,0,0,0,0,4,0,0,0,0,0,0,0,0,1,0,0,0,0,0,0,4,1,0,0,0,0,0,0,0,2,2,0,0,42,1,0,5,1,0,0,0,0,0,0,0,1,0,0,0,1,0,0,0,0,0,0,2,0,0,0,0,0,0,0,0,0,0,0,0,0,0,0,0,1,0,0,0,2,0,0,3,0,0,0,5,0,0,2,0,0,0,0,0,1,0,0,5,0,0,0,0,0,0,0,0,0,0,0,0,0,0,0,0,0,0,0,0,0,0,0,2,0,0,0,0,0,0,0,0,0,0,0,0,0,5,156
19230,0,0,0,0,17,4,1,0,2,0,0,0,0,1,0,0,0,0,0,0,0,0,0,0,0,0,0,0,0,0,0,1,0,0,0,0,0,0,0,0,0,0,0,0,0,0,0,0,1,0,0,0,0,0,0,0,0,0,0,0,0,0,0,0,0,0,0,2,0,0,0,0,0,3,1,0,0,35,0,0,0,0,0,0,0,0,0,0,0,0,0,0,0,0,0,0,0,0,0,2,0,0,0,0,0,0,0,0,0,0,0,0,0,0,0,0,0,2,0,0,0,1,0,0,2,0,0,0,2,0,0,0,0,0,0,0,0,0,0,0,4,0,0,0,0,0,0,0,0,0,0,0,0,0,0,0,0,0,0,0,0,0,0,0,0,0,0,0,0,0,0,0,0,0,0,0,0,0,0,81
19280,1,14,0,3,169,45,9,0,15,0,0,0,8,9,0,0,0,1,0,0,0,0,0,2,0,1,0,0,0,0,0,11,2,0,0,0,0,0,0,4,2,0,0,0,3,1,3,0,14,0,0,0,10,0,0,0,1,5,4,0,0,0,0,0,4,0,1,0,0,0,0,0,1,2,3,0,0,258,3,0,19,1,0,0,0,0,0,0,0,2,0,0,0,1,0,0,1,0,0,5,3,0,0,0,0,0,0,2,0,7,0,0,0,0,0,0,2,1,0,0,0,7,0,3,16,0,0,0,18,0,0,0,0,0,0,0,0,0,0,0,20,0,0,0,0,0,0,0,7,0,0,0,0,0,2,0,2,0,0,1,0,0,0,0,3,0,0,0,0,0,0,0,0,0,0,0,0,0,6,738
19286,0,0,0,0,14,2,1,0,0,0,0,0,0,0,0,0,0,0,0,0,0,0,0,0,0,0,0,0,0,0,0,0,0,0,0,0,0,0,0,0,0,0,0,0,0,0,1,0,3,0,0,0,0,0,0,0,0,1,0,0,0,0,0,0,0,0,0,0,0,0,0,0,0,1,0,0,0,21,0,0,2,0,0,0,0,0,0,0,0,0,0,0,0,0,0,0,0,0,0,0,0,0,0,0,0,0,0,0,0,1,0,0,0,0,0,0,0,0,0,0,0,2,0,0,0,0,0,0,2,0,0,0,0,0,0,0,0,0,0,0,0,0,0,0,0,0,0,0,0,0,0,0,0,0,0,0,0,0,0,0,0,0,0,0,0,0,0,0,0,0,0,0,0,0,0,0,0,0,0,51
19297,0,0,0,0,0,0,0,0,0,0,0,0,0,0,0,0,0,0,0,0,0,0,0,0,0,0,0,0,0,0,0,0,0,0,0,0,0,0,0,0,0,0,0,0,0,0,0,0,0,0,0,0,0,0,0,0,0,0,0,0,0,0,0,0,0,0,0,0,0,0,0,0,0,0,0,0,0,2,0,0,0,0,0,0,0,0,0,0,0,0,0,0,0,0,0,0,0,0,0,0,0,0,0,0,0,0,0,0,0,0,0,0,0,0,0,0,0,0,0,0,0,0,0,0,0,0,0,0,0,0,0,0,0,0,0,0,0,0,0,0,0,0,0,0,0,0,0,0,0,0,0,0,0,0,0,0,0,0,0,0,0,0,0,0,0,0,0,0,0,0,0,0,0,0,0,0,0,0,0,2
19300,1,1,0,0,25,7,3,0,3,0,0,0,1,3,0,0,0,0,0,0,0,1,0,0,0,0,0,0,0,0,0,0,0,0,0,0,0,0,0,0,0,0,0,0,0,0,0,0,2,1,0,0,0,0,0,0,0,0,0,0,0,0,0,0,2,0,0,0,0,0,0,0,0,1,0,0,0,41,4,0,1,1,0,0,0,0,0,0,0,0,0,0,0,0,0,0,0,0,0,1,0,0,0,0,0,0,0,0,0,1,0,0,0,0,0,0,0,0,0,0,0,1,0,0,1,0,0,0,1,0,0,0,0,0,0,0,0,0,0,0,4,0,0,0,0,0,1,0,4,0,0,0,0,1,0,0,0,0,0,0,0,0,0,0,1,0,0,0,0,0,0,0,0,0,0,0,0,0,0,114
19319,0,6,0,5,272,32,7,0,10,1,0,0,5,7,1,0,0,0,0,0,0,3,0,2,0,1,0,0,0,0,0,9,0,0,0,0,0,1,0,1,1,1,0,0,5,0,5,0,34,0,0,0,8,0,0,0,1,6,0,0,1,0,0,0,10,1,1,0,0,0,0,0,0,8,4,0,0,372,1,0,51,5,0,0,0,0,0,0,0,2,0,0,0,1,0,0,0,0,0,6,0,0,0,0,0,0,0,3,0,8,0,0,0,0,0,0,0,1,0,0,0,11,0,2,14,0,0,0,4,0,0,1,0,0,0,0,0,0,1,0,42,0,0,0,0,0,0,0,2,0,0,0,0,1,0,0,1,0,0,1,0,0,0,0,2,0,0,0,1,0,0,0,0,0,0,0,0,0,9,991
19326,1,2,0,2,35,18,5,0,1,0,0,0,3,4,0,0,0,0,0,0,0,1,0,0,0,0,0,0,0,0,0,2,0,0,0,0,0,0,0,0,0,0,0,0,0,0,1,0,7,0,0,0,0,0,2,0,0,1,0,0,1,0,0,0,3,0,0,0,0,0,0,0,2,2,0,0,0,106,0,0,12,0,0,0,0,0,0,0,0,0,0,0,0,0,0,0,0,0,0,1,0,1,0,0,0,0,0,0,0,1,0,0,0,0,0,0,0,1,0,0,0,2,0,1,5,0,0,0,2,0,0,0,0,0,0,0,0,0,0,0,2,0,0,0,0,0,4,0,1,0,0,0,0,0,1,0,0,0,0,1,0,0,0,0,0,0,0,0,0,0,0,0,0,0,0,0,0,0,1,235
19331,0,0,0,1,33,12,0,0,2,0,0,0,1,3,1,0,0,0,0,0,0,0,0,0,0,0,0,0,0,0,0,2,0,0,0,0,0,0,0,0,0,0,0,0,0,0,2,0,3,0,0,0,1,0,0,0,0,1,0,0,0,0,0,0,2,1,0,1,0,0,0,0,1,1,2,0,0,85,0,0,13,0,0,0,0,0,0,0,0,1,0,0,0,1,0,0,0,0,0,0,0,0,0,0,0,0,0,0,0,3,0,0,0,0,0,0,0,1,0,0,0,2,0,1,3,0,0,0,3,0,0,2,0,0,0,0,0,0,0,0,4,0,0,0,0,0,1,0,0,0,0,0,0,1,1,0,0,0,0,0,0,0,0,0,0,0,0,0,0,0,0,0,0,0,0,0,0,0,6,198
28001,5,0,0,0,0,1,0,0,0,0,0,0,0,0,0,0,0,0,0,0,0,0,0,0,0,0,0,0,0,0,0,0,0,0,0,0,0,0,0,0,0,0,0,0,0,0,0,0,0,0,0,0,0,0,0,0,0,0,0,0,0,0,0,0,0,0,0,0,0,1,0,0,0,0,0,0,0,6,0,0,0,0,0,0,0,1,0,0,0,0,0,0,0,0,0,0,0,0,0,0,0,0,0,0,0,0,0,0,0,0,0,0,0,0,0,0,0,0,0,0,0,0,0,0,0,0,0,0,0,0,0,0,0,0,0,0,0,0,0,0,0,0,0,0,0,0,0,0,0,0,0,0,0,0,0,0,0,0,0,0,0,0,0,0,0,0,0,1,0,0,0,0,0,0,0,0,0,0,0,15
28002,0,417,0,0,93,72,7,0,22,0,0,0,1,9,0,0,0,0,0,0,0,2,0,0,0,0,0,0,0,1,0,4,0,0,0,0,0,0,0,0,15,3,0,0,4,0,0,0,44,0,0,0,67,0,0,0,2,4,4,0,1,0,0,0,11,0,0,1,0,0,0,0,1,4,3,0,0,579,4,0,5,1,0,0,0,0,0,0,0,2,0,0,0,0,0,0,1,0,0,52,0,0,0,0,0,0,0,1,0,7,0,0,0,0,0,1,1,4,0,0,0,8,0,2,23,0,0,0,57,0,0,0,0,0,0,0,0,1,0,0,110,0,0,0,1,0,0,0,0,0,0,0,0,2,1,0,0,0,0,1,0,0,0,0,2,0,0,0,1,0,0,0,0,1,0,0,0,1,25,1.686
28003,0,0,10,0,0,5,0,0,1,0,0,0,1,1,0,0,0,0,0,0,0,1,0,0,0,0,0,0,0,0,0,0,0,1,0,0,0,0,0,0,1,0,0,0,1,0,2,0,0,0,0,0,0,0,0,0,0,1,0,0,0,1,1,1,0,0,0,0,1,0,0,0,0,0,0,0,0,21,0,0,0,0,0,0,0,1,0,0,0,0,0,0,0,0,1,0,0,0,0,0,0,0,0,0,0,0,10,0,0,0,0,0,0,0,3,0,0,1,0,0,0,0,0,0,1,1,0,0,2,0,0,0,0,0,0,0,0,0,0,0,2,0,0,0,0,0,0,0,0,0,0,0,0,0,0,0,0,0,0,0,0,0,0,0,0,0,0,0,0,0,0,0,0,0,0,0,0,0,0,72
28004,0,2,0,453,7,15,108,2,3,0,0,0,5,4,88,0,12,0,0,0,0,16,0,0,0,5,0,0,0,0,1,0,0,0,0,2,0,0,0,9,0,0,0,1,2,0,0,0,3,4,0,0,1,2,0,0,0,66,0,0,1,0,0,0,59,22,0,0,0,0,0,0,38,77,0,0,0,826,30,0,0,2,1,0,0,0,4,1,0,183,0,0,0,167,0,0,0,0,0,0,14,0,1,0,0,0,0,11,0,46,0,0,0,1,0,0,0,1,0,0,0,25,0,0,6,1,4,0,8,0,0,0,0,16,12,0,0,0,0,0,3,5,0,0,0,0,0,0,0,0,0,0,0,9,0,0,0,0,0,1,0,1,0,2,0,0,0,0,12,0,1,0,1,27,0,0,0,0,10,2.440
28005,1,372,0,4,25.793,1.715,218,0,181,3,4,48,84,520,29,0,0,0,1,1,1,68,2,20,1,3,0,5,1,0,1,537,39,0,2,2,0,2,0,81,68,8,2,6,57,5,24,3,990,5,0,1,550,9,5,0,7,166,37,2,21,0,2,0,372,11,4,8,0,0,0,3,27,192,287,0,0,21.388,194,3,1.141,185,0,6,1,0,4,8,8,78,1,1,0,35,0,0,31,2,7,138,76,2,2,0,1,4,0,175,0,602,2,0,1,0,1,5,7,355,0,0,0,350,13,54,906,3,18,2,843,0,4,44,0,0,1,0,25,4,5,0,2.696,4,0,8,37,5,367,0,37,0,0,0,1,58,41,0,2,15,4,58,3,3,0,1,563,3,0,0,17,8,0,5,7,33,0,1,2,0,550,63.876
28006,0,71,0,4,315,13.949,133,0,422,2,0,0,64,114,21,0,0,0,0,1,4,79,3,3,0,4,5,2,3,6,0,21,2,1,0,2,1,3,0,48,62,24,0,4,154,5,25,0,178,1,0,1,43,2,2,0,3,74,65,0,22,2,1,2,194,6,6,3,0,0,1,1,15,159,16,1,0,18.269,151,4,15,14,2,25,1,1,2,5,1,78,0,1,0,9,0,1,0,0,0,153,23,2,18,0,1,0,0,41,2,505,0,1,1,0,0,3,0,98,3,0,0,411,6,182,149,5,7,1,3.754,0,0,2,0,0,2,0,10,14,0,0,304,13,2,3,13,2,15,0,0,0,0,1,2,23,22,2,11,2,0,10,0,1,1,1,4,0,0,1,30,5,1,0,2,39,2,2,9,7,1.154,42.012
28007,0,38,0,22,275,1.037,12.621,10,60,5,0,1,78,156,255,0,2,4,0,0,0,589,1,6,0,30,2,1,0,0,8,6,6,2,0,2,0,4,0,88,5,7,1,7,44,8,51,0,227,20,0,3,19,5,3,0,1,1.222,3,1,31,0,0,0,1.623,100,1,8,0,1,0,11,204,2.776,22,0,0,27.754,561,0,18,22,1,2,0,1,44,6,7,2.161,3,1,1,145,0,7,3,2,0,28,184,0,2,6,2,0,0,196,0,2.247,1,0,0,3,1,0,0,178,0,2,0,947,8,17,163,9,50,15,374,0,0,0,0,13,26,0,3,1,0,1,238,24,6,13,44,5,4,0,0,0,0,0,19,144,3,1,3,1,0,16,0,2,0,39,1,2,8,3,69,24,7,1,11,494,0,3,7,0,424,58.545
28008,0,1,0,3,2,5,21,124,0,0,0,0,0,3,10,0,0,0,0,0,0,5,0,0,0,3,0,0,0,0,0,0,0,0,0,1,0,1,0,2,0,1,0,4,0,0,2,0,1,0,2,0,1,1,0,0,0,18,1,3,0,0,0,0,12,1,0,1,0,0,0,0,5,9,0,0,0,243,14,0,0,0,0,0,0,0,0,0,1,26,0,0,0,35,0,0,0,0,0,1,2,0,0,4,0,0,0,2,0,14,0,0,0,0,0,0,0,4,0,0,0,12,0,0,0,0,0,6,3,0,0,0,0,0,5,0,0,0,0,0,0,1,0,0,4,0,0,0,0,0,0,0,0,1,0,0,0,0,0,0,0,0,0,8,0,0,9,0,5,2,1,0,0,11,0,1,0,0,0,658
28009,0,43,0,0,194,873,22,1,1.260,0,0,0,5,18,4,0,0,0,0,0,0,18,1,0,0,0,1,0,0,1,0,10,0,1,0,1,0,0,0,14,94,9,1,0,64,0,6,0,58,0,0,0,52,1,1,1,1,13,98,0,3,0,1,1,33,2,1,0,0,0,2,0,1,24,3,0,0,2.697,21,0,8,4,0,6,0,0,1,0,0,9,0,0,0,6,0,0,0,0,1,70,1,0,3,0,0,0,0,8,0,86,0,0,0,0,2,0,2,20,0,0,0,84,0,49,44,1,0,0,733,0,0,0,0,0,0,0,2,15,0,1,116,0,0,2,3,2,6,0,0,0,0,0,0,4,109,0,17,2,0,2,0,0,0,0,3,0,0,0,2,0,0,0,1,1,0,0,0,1,138,7.220
28010,0,3,0,0,15,145,34,0,3,578,0,0,5,3,1,0,0,15,0,0,0,35,13,0,0,0,0,0,0,0,1,0,0,0,0,0,0,23,0,1,1,2,0,33,44,42,570,0,12,0,1,0,2,38,0,0,0,8,1,0,58,0,0,0,20,1,1,79,0,0,0,8,0,29,0,0,0,1.929,105,7,1,1,2,0,5,0,0,62,0,20,10,0,0,1,0,0,0,0,0,0,2,0,0,0,0,0,0,6,0,185,0,0,0,0,4,0,0,10,0,2,0,345,0,5,5,40,3,0,43,0,0,0,0,0,0,0,3,1,0,0,14,1,0,0,117,0,1,0,0,0,0,0,7,6,3,0,0,0,0,0,0,1,0,0,0,0,0,0,10,7,1,0,0,11,0,2,0,0,56,4.859
28011,0,0,0,0,8,4,0,0,0,0,22,0,0,20,0,0,0,0,0,0,0,0,0,0,0,0,0,0,0,0,0,0,2,0,3,0,0,0,0,1,0,0,0,0,0,0,0,0,2,0,0,0,1,0,1,0,0,0,0,0,0,0,0,0,1,0,0,0,0,0,0,0,0,0,1,0,0,64,0,0,0,2,0,0,0,0,0,0,1,0,0,0,0,0,0,0,2,1,1,0,0,0,0,0,0,0,0,0,0,2,0,0,0,0,0,0,0,3,0,0,0,4,0,0,1,0,1,0,0,0,0,0,0,0,0,0,0,0,0,0,2,0,0,0,0,0,0,0,0,0,0,0,0,0,0,0,0,0,0,0,0,0,0,0,0,0,0,0,0,0,0,0,0,1,0,0,0,0,0,151
28012,0,4,0,1,103,4,1,0,1,0,0,31,0,3,0,0,0,0,0,0,0,0,0,0,0,0,0,0,0,0,0,4,2,0,0,0,0,0,0,2,1,0,2,0,0,0,0,0,3,0,0,0,1,0,0,0,1,1,0,0,0,0,0,0,6,0,0,0,0,0,0,0,0,2,5,0,0,111,0,0,6,2,0,0,0,0,0,0,0,0,0,0,0,0,0,0,0,0,0,1,1,1,0,0,0,1,0,2,0,5,0,0,0,0,0,0,0,3,0,0,0,4,0,0,7,0,0,0,3,0,1,0,0,0,0,0,0,0,0,0,11,0,0,0,0,0,5,0,1,0,0,0,0,1,1,0,0,0,0,0,0,0,0,0,17,0,0,0,0,0,0,0,0,1,0,0,0,0,2,365
28013,0,3,0,2,72,125,102,0,6,0,1,0,7.323,175,15,0,0,2,4,0,0,16,0,0,0,0,0,1,0,1,0,1,2,0,0,3,0,0,0,400,0,0,64,1,3,1,17,0,43,7,0,25,2,1,2,0,0,174,0,2,4,0,0,0,440,30,0,0,0,0,0,2,40,183,5,0,0,4.655,28,0,9,3,0,1,0,0,5,0,8,63,1,0,0,18,0,0,0,0,9,2,86,0,0,1,2,0,0,237,0,118,0,0,0,1,0,1,0,62,0,2,0,71,0,2,55,5,100,2,78,0,0,0,0,3,0,0,1,1,0,7,36,22,16,0,6,1,13,0,0,0,0,0,1,406,0,0,2,0,0,3,0,0,24,6,1,1,1,0,7,0,0,0,21,41,0,0,0,0,52,15.597
28014,0,20,0,5,441,187,82,0,16,1,3,0,26,7.385,9,0,0,0,4,0,0,38,2,0,2,0,1,2,0,0,1,16,154,0,5,1,0,0,0,60,1,2,6,1,10,0,4,0,269,0,0,8,10,0,9,0,0,83,7,2,1,0,0,0,243,17,4,0,0,0,0,0,24,100,132,0,0,6.204,38,0,12,113,1,0,0,0,5,3,65,40,3,0,0,12,0,0,17,1,8,24,39,0,1,1,31,1,0,81,0,129,0,0,0,0,0,2,0,1.040,0,2,0,112,1,4,161,1,29,1,110,0,0,0,0,1,2,0,2,0,10,0,304,3,0,0,2,0,48,3,2,2,0,0,0,61,0,0,0,42,0,107,0,0,1,0,15,0,0,0,2,3,0,6,60,42,0,0,1,0,83,18.488
28015,0,5,0,74,65,160,559,3,1,1,0,0,41,25,1.160,0,10,0,0,0,0,151,0,0,1,11,0,0,0,0,2,2,1,0,0,7,0,1,0,36,0,0,1,2,7,0,13,0,49,6,0,0,1,2,0,0,0,400,1,0,2,0,0,0,280,29,1,4,0,0,0,1,138,374,2,0,0,4.028,183,1,0,4,1,0,0,0,87,2,1,1.100,0,0,1,89,0,0,0,0,0,10,67,0,0,0,0,0,0,56,0,346,0,0,0,1,0,1,1,26,0,1,0,217,3,1,26,0,6,2,51,0,0,0,0,25,12,0,0,3,1,0,33,8,6,2,9,1,1,0,0,0,0,0,4,41,0,0,0,0,0,2,0,0,0,0,0,0,1,3,24,7,3,0,1,124,0,1,0,0,62,10.315
28016,0,0,0,0,1,0,1,0,0,0,0,0,0,0,0,8,0,0,0,0,0,0,0,0,0,0,0,0,0,0,0,0,0,0,0,0,0,0,0,0,0,0,0,0,2,0,0,0,0,0,0,0,0,0,0,0,0,0,0,0,0,0,0,0,0,0,0,0,0,0,0,0,0,0,0,0,0,16,0,0,0,0,0,0,0,0,0,0,0,0,0,0,0,0,0,0,0,0,0,0,0,0,0,0,0,0,0,0,0,0,0,0,0,0,0,0,0,0,1,0,0,0,0,0,0,0,0,0,2,0,0,0,0,0,0,0,0,0,0,0,0,0,0,0,0,3,0,0,0,0,0,0,0,0,0,0,0,0,0,0,0,0,0,0,0,0,0,0,0,0,0,0,0,0,0,0,0,0,0,34
28017,0,0,0,7,5,3,23,0,0,0,0,0,1,3,17,0,27,0,0,0,0,6,0,0,0,0,0,0,0,0,0,0,0,0,0,1,0,0,0,0,0,0,1,0,0,0,0,0,1,1,0,0,0,0,0,0,0,29,0,0,0,0,0,0,17,18,0,0,0,0,0,0,9,20,0,0,0,176,2,0,0,0,0,0,0,0,4,0,0,22,0,0,0,6,0,0,0,0,0,0,10,0,0,0,0,0,0,4,0,5,0,0,0,0,0,0,0,0,0,0,0,6,0,1,0,0,0,0,2,0,0,1,0,15,1,0,0,0,0,0,0,1,0,0,1,0,0,0,0,0,0,0,0,2,0,0,0,0,0,0,0,0,0,0,0,0,1,0,0,0,0,0,0,5,0,0,0,0,1,455
28018,0,0,0,0,4,56,9,0,3,19,0,0,0,5,2,0,0,282,0,0,0,8,28,1,0,1,0,0,0,0,0,1,0,0,0,0,0,20,0,2,0,0,0,6,25,18,85,0,5,0,0,0,0,5,0,0,0,2,0,0,6,0,0,0,11,0,0,14,0,0,0,3,0,4,0,1,0,625,20,9,0,0,3,0,0,0,0,29,0,0,21,0,0,0,0,0,0,0,0,1,3,0,0,1,0,0,0,1,0,43,0,0,0,0,2,0,0,2,0,0,0,74,0,1,5,17,0,0,14,2,0,0,0,0,0,0,5,0,0,0,1,0,0,3,23,0,1,0,0,0,0,0,3,3,0,0,0,0,0,0,0,2,0,0,0,0,0,0,2,2,0,0,1,8,0,0,0,0,48,1.601
28019,0,0,0,0,6,5,4,0,0,0,0,0,14,62,0,0,0,0,75,0,0,0,0,0,1,0,0,0,0,0,0,0,2,0,0,0,0,0,0,3,0,0,14,0,1,0,0,0,5,0,0,16,0,0,1,0,0,1,0,0,1,0,0,0,14,0,1,1,0,0,0,0,0,3,1,0,0,168,0,0,0,1,0,0,0,0,0,0,16,2,0,0,0,0,0,0,1,0,0,0,0,0,0,0,4,0,0,2,0,2,0,0,0,0,0,0,0,9,0,0,0,2,0,0,0,0,0,0,1,0,0,0,0,0,0,0,0,0,2,1,7,0,0,1,0,0,1,0,0,7,0,0,0,3,0,0,0,1,0,2,0,0,1,0,0,1,0,0,0,0,0,1,54,0,0,0,0,0,2,523
28020,0,0,0,0,1,0,0,0,0,0,0,0,0,0,0,0,0,0,0,19,0,0,0,0,0,0,0,0,0,0,0,0,0,0,0,0,0,0,0,0,0,0,0,0,0,0,0,0,0,0,0,0,0,0,0,0,0,1,0,0,0,2,0,0,0,0,0,0,0,0,0,1,0,0,0,0,0,19,0,0,0,0,0,0,0,1,0,0,0,0,0,0,0,0,0,0,0,0,0,0,0,0,0,0,0,0,0,0,0,0,0,1,0,0,0,0,0,0,1,0,0,0,0,2,0,0,0,0,0,0,0,0,0,0,0,0,0,0,0,0,1,0,0,0,0,0,0,0,0,0,1,0,0,0,0,0,0,0,0,0,0,0,0,0,0,0,0,0,0,0,0,0,0,0,0,0,1,0,0,51
28021,0,0,0,0,3,3,1,0,2,0,0,0,0,0,0,0,0,0,0,2,41,0,0,0,0,0,7,0,0,8,0,0,0,1,0,0,0,0,0,2,0,0,0,0,1,0,0,0,0,0,0,0,1,0,0,0,0,0,1,0,0,0,0,1,1,0,0,0,0,0,3,0,0,0,0,0,0,65,1,0,0,0,2,1,0,1,0,0,0,0,0,0,0,1,0,0,0,0,0,0,0,0,0,0,0,0,0,0,1,1,0,0,0,0,0,0,0,0,0,0,0,2,0,1,2,0,0,0,4,0,0,0,0,0,0,1,0,1,0,0,6,0,0,1,0,1,0,0,0,0,0,0,0,0,0,1,0,0,0,0,0,0,0,0,0,0,0,0,0,0,0,0,0,0,0,0,5,1,3,180
28022,0,14,0,4,64,389,538,0,12,8,0,0,22,34,14,0,0,1,0,0,0,2.588,1,0,0,27,0,0,0,0,2,3,2,1,0,0,0,1,0,7,2,0,0,2,16,1,41,0,55,2,1,0,4,6,1,0,0,270,2,0,10,0,0,0,253,8,2,3,0,1,0,0,21,448,4,1,1,7.218,637,0,3,4,0,0,0,1,1,3,1,380,1,0,4,35,0,2,0,0,0,7,29,0,0,3,0,0,0,36,0,1.425,0,0,0,2,1,0,0,17,0,2,0,540,3,3,37,5,5,3,113,0,0,0,0,0,13,0,0,0,1,0,76,4,2,4,13,0,2,0,0,0,0,0,6,28,2,0,0,0,0,1,0,0,0,1,1,0,1,1,76,16,1,0,4,190,0,1,0,0,171,16.023
28023,0,2,0,1,13,106,14,0,5,13,0,0,6,4,0,0,0,46,0,0,0,13,312,0,1,1,0,0,0,0,0,1,0,0,0,0,0,13,0,1,0,0,0,10,81,18,128,0,6,0,0,0,0,13,0,0,0,5,1,0,11,0,1,0,14,2,1,8,0,0,0,11,0,10,1,1,0,913,18,48,1,1,2,0,2,0,1,94,0,5,5,0,0,0,0,0,0,0,0,1,0,0,1,0,0,0,0,2,0,60,0,0,0,0,3,0,0,2,0,1,0,80,0,7,4,5,1,0,37,0,0,0,0,0,0,0,12,0,0,0,12,0,0,2,19,1,1,0,0,0,0,0,0,5,0,0,0,0,0,0,0,0,0,0,0,0,0,0,4,4,1,0,0,39,0,0,0,0,137,2.405
28024,0,0,0,0,0,6,0,0,1,0,0,0,0,0,0,0,0,0,0,0,1,0,0,9,0,0,7,0,0,0,0,0,0,0,0,0,0,0,0,0,0,0,0,0,1,0,1,0,0,0,0,0,0,0,0,0,0,0,0,0,0,0,0,2,0,0,0,0,0,1,0,0,0,0,0,0,0,30,1,0,0,0,0,0,0,2,0,0,0,0,0,0,0,0,0,0,0,0,0,0,0,0,0,0,0,0,0,0,0,0,0,0,0,0,0,0,0,0,0,0,0,0,0,0,0,0,0,0,1,0,0,0,0,0,0,0,0,0,0,0,1,0,0,1,0,1,0,0,0,0,0,0,0,0,0,0,0,0,0,0,0,0,0,0,0,0,0,0,0,0,0,0,0,0,1,0,0,0,0,67
28025,0,0,0,0,11,0,0,0,0,0,0,0,0,15,0,0,0,0,0,0,0,1,0,0,39,0,0,0,0,0,0,0,1,0,0,0,0,0,0,0,0,0,0,0,0,0,0,0,1,0,0,0,0,0,5,0,0,0,0,0,1,0,0,0,1,0,0,0,0,0,0,0,0,1,1,0,0,47,0,0,0,0,0,0,0,0,0,0,0,1,0,0,0,0,0,0,1,0,0,0,0,0,0,0,0,0,0,1,0,0,0,0,0,0,0,0,0,3,0,0,0,0,0,0,0,0,0,0,1,0,0,0,0,0,0,0,0,0,0,0,2,0,0,0,0,0,0,2,0,0,0,0,0,0,0,0,0,0,0,1,0,0,0,0,0,0,0,0,0,0,0,0,9,0,0,0,0,0,0,145
28026,0,0,0,0,15,57,103,6,1,1,0,0,11,10,10,0,1,0,0,0,0,300,0,0,0,517,0,0,0,0,0,1,0,0,0,0,0,0,0,2,1,2,0,3,3,0,10,0,4,0,5,0,1,4,0,0,1,35,3,0,8,0,0,0,67,6,0,1,0,0,0,3,9,54,2,0,0,1.105,186,0,0,1,1,0,0,0,8,0,0,104,0,0,4,20,0,3,0,0,0,1,9,0,0,0,0,0,0,5,0,160,0,0,0,15,0,0,0,8,0,1,0,143,0,1,16,3,2,4,23,2,0,0,0,1,46,0,0,0,0,0,16,2,0,0,3,0,0,0,0,0,0,0,10,8,1,0,1,0,0,0,0,0,0,0,0,0,2,1,208,22,5,0,0,92,0,0,0,0,17,3.517
28027,2,0,0,0,4,18,2,0,1,0,0,0,1,6,0,0,0,0,0,3,2,2,0,3,0,0,205,1,3,5,0,0,0,1,0,0,0,0,0,0,0,0,0,0,4,0,4,0,0,0,0,1,0,0,0,0,0,0,0,0,0,8,6,7,2,0,2,0,1,9,2,0,0,0,0,2,0,152,1,0,0,0,0,2,0,17,0,0,0,0,0,0,0,0,1,0,0,0,0,0,0,0,0,0,0,0,0,0,3,4,0,0,1,0,1,0,0,1,0,0,1,2,0,9,2,0,0,0,15,0,0,0,1,0,0,3,0,0,0,0,1,0,0,2,0,0,0,0,0,0,0,0,0,0,0,0,0,0,0,0,0,0,0,0,0,0,0,0,0,0,0,0,0,0,4,0,6,7,4,547
28028,0,0,0,0,4,50,3,0,6,0,0,0,0,1,0,0,0,0,0,0,4,1,0,0,0,0,4,147,6,5,0,0,0,4,0,0,0,1,0,1,3,0,0,0,34,1,12,0,4,0,0,0,0,0,0,0,0,1,0,0,0,0,1,0,2,0,2,0,0,0,0,0,0,3,0,0,0,282,4,4,3,0,13,1,0,1,0,0,0,6,0,9,0,0,0,0,0,0,0,2,0,0,3,0,0,0,0,2,0,13,0,0,0,0,0,0,1,3,0,0,0,7,0,3,1,3,0,0,16,0,0,0,0,0,0,0,11,0,0,0,5,0,0,2,1,1,1,0,0,0,17,0,0,0,3,0,0,0,0,0,0,3,0,0,0,0,0,0,0,0,0,0,0,0,0,0,13,2,16,752
28029,0,0,0,0,3,14,2,0,4,0,0,0,0,0,0,0,0,1,0,0,1,0,0,0,0,0,0,0,40,4,0,1,0,0,0,0,0,0,0,0,0,0,0,0,5,0,1,0,2,0,0,0,0,0,0,0,0,1,0,0,0,0,0,1,0,0,0,0,0,1,0,0,0,0,0,0,0,91,3,0,0,0,1,2,0,0,0,0,0,0,0,0,0,0,0,0,0,0,0,0,0,0,1,0,0,0,0,0,0,3,0,0,0,0,0,0,0,0,0,0,0,4,0,8,4,0,0,0,12,0,0,0,0,0,0,0,1,0,0,0,2,0,0,4,0,1,0,0,0,0,0,0,0,2,0,0,0,0,0,0,0,2,0,0,0,0,0,0,0,0,0,0,0,0,0,0,3,2,8,235
28030,0,1,0,0,26,52,1,0,4,0,0,0,0,0,0,0,0,0,0,1,8,3,0,0,0,0,18,4,9,215,0,0,0,0,0,0,0,0,0,0,0,0,0,0,13,0,5,0,4,0,0,0,0,0,0,0,0,3,0,0,2,1,2,0,5,0,1,0,0,1,0,0,0,3,1,1,0,231,4,0,0,1,3,4,0,2,0,0,0,2,0,2,0,0,0,0,0,0,0,1,1,1,4,0,0,0,0,1,0,6,0,0,1,0,0,0,0,0,0,0,0,8,0,16,1,0,0,0,30,0,0,0,0,0,0,2,1,1,0,0,9,0,0,10,2,3,0,0,1,0,2,0,0,0,0,0,0,0,0,0,0,3,0,0,0,0,0,0,0,0,0,0,0,1,0,0,22,0,19,779
28031,0,0,0,0,0,4,15,0,0,0,0,0,1,0,4,0,0,0,0,0,0,7,0,0,0,3,0,0,0,0,223,1,0,0,0,0,10,0,0,0,0,0,0,0,0,0,4,0,2,0,4,0,0,2,0,0,0,12,0,0,0,0,0,0,8,1,0,0,0,0,0,0,5,6,0,0,0,205,8,0,1,0,0,0,0,0,0,0,0,16,0,0,0,7,0,0,0,0,0,1,0,0,0,5,0,0,0,0,0,7,0,0,0,0,0,0,0,4,0,0,0,3,5,0,3,6,0,25,3,0,0,0,0,0,8,0,0,0,0,0,1,0,0,0,0,0,0,0,0,0,0,0,0,2,0,0,0,0,0,0,0,0,0,10,0,0,12,0,0,1,0,0,0,2,0,0,0,0,2,649
28032,0,19,0,0,632,52,7,0,7,0,0,0,4,13,0,0,0,0,0,0,0,1,0,1,0,0,0,0,0,0,0,297,0,0,0,0,0,0,0,2,0,0,0,0,1,0,0,0,33,0,0,0,40,1,0,0,0,9,5,0,0,0,0,0,17,0,1,1,0,0,0,0,3,5,5,0,0,621,6,0,113,5,0,1,0,0,1,0,0,7,0,0,0,1,0,0,1,0,0,8,0,0,0,0,0,0,0,0,0,20,0,0,0,0,0,0,0,11,0,0,0,9,0,1,37,0,1,0,34,0,0,2,0,0,0,0,2,2,0,0,72,0,0,0,0,0,4,0,6,0,0,0,0,4,3,0,0,0,0,6,0,0,1,0,12,0,0,0,0,2,0,0,0,0,0,0,0,0,25,2.174
28033,0,1,0,0,60,21,7,0,2,0,0,0,0,342,0,0,0,0,1,0,0,1,0,0,1,1,0,0,0,0,1,1,367,0,2,0,0,0,0,0,0,0,2,1,0,0,0,0,38,0,0,1,1,0,2,0,0,9,1,0,0,0,0,0,16,1,0,0,0,0,0,0,2,16,34,0,0,651,4,0,4,18,0,0,0,0,0,0,21,0,0,0,0,1,0,1,14,0,1,1,6,0,0,0,3,0,0,8,0,14,4,0,0,0,0,0,0,78,0,0,0,12,1,0,14,0,4,0,8,0,0,0,0,1,0,0,1,0,3,0,47,0,0,0,0,0,20,0,1,1,0,0,0,5,0,0,0,18,0,7,0,0,0,0,4,0,0,0,0,1,0,0,9,2,0,1,0,0,6,1.927
28034,0,0,0,0,0,4,2,0,1,0,0,0,0,0,0,0,0,0,0,0,0,2,0,0,0,0,6,0,0,1,0,0,0,27,0,0,0,0,0,0,0,0,0,0,0,0,0,0,1,0,0,0,0,0,0,0,0,0,0,0,0,0,2,0,1,0,0,0,0,0,0,0,0,0,0,1,0,54,1,0,0,0,0,1,0,0,0,0,0,0,0,0,0,0,0,0,0,0,0,0,0,0,0,0,0,0,0,0,0,1,0,0,0,0,1,0,0,0,0,0,0,0,0,5,1,1,0,0,2,0,0,0,0,0,0,0,0,0,0,0,1,0,0,0,2,0,0,0,0,0,0,0,0,0,0,0,0,0,0,0,0,0,0,0,0,0,0,0,0,0,0,0,0,0,0,0,1,0,1,120
28035,0,0,0,0,23,7,1,0,1,0,0,0,2,68,0,0,0,0,10,0,0,2,0,0,8,1,0,0,0,0,0,0,9,0,61,0,0,0,0,3,0,0,0,0,0,1,0,0,13,0,0,0,2,0,2,0,0,0,0,0,0,0,0,0,10,0,0,0,0,0,0,0,2,3,5,0,0,211,0,0,1,0,0,0,0,0,0,1,2,1,0,0,0,0,0,0,2,0,14,2,1,0,0,0,7,0,0,6,0,2,1,0,0,0,0,0,0,15,0,0,0,1,1,0,5,0,0,0,2,0,0,0,0,0,0,0,0,0,10,0,9,0,0,0,0,0,2,1,0,0,0,0,0,0,0,0,0,4,0,2,0,0,0,0,1,0,0,0,0,0,0,0,8,0,0,0,0,0,1,547
28036,0,0,0,1,5,12,23,0,1,0,0,0,8,1,11,0,0,0,0,0,0,6,0,0,0,0,0,0,0,0,0,0,0,0,0,143,0,1,0,12,0,0,0,0,0,0,2,0,9,12,0,0,0,0,0,0,0,89,0,0,3,0,0,0,71,32,0,0,0,0,0,0,22,53,0,0,0,410,3,0,0,0,0,0,0,0,5,0,0,17,0,0,0,6,0,0,0,0,0,3,59,0,0,0,0,0,0,24,0,20,0,0,0,0,0,0,0,5,0,0,0,10,0,0,6,0,2,0,10,0,0,0,0,4,1,0,0,0,0,0,3,22,4,0,0,0,0,0,0,0,0,0,1,19,0,0,0,1,0,1,0,0,0,0,0,0,1,0,2,0,0,0,0,4,0,0,0,0,5,1.165
28037,0,0,0,0,0,1,9,0,0,0,0,0,0,1,2,0,0,0,0,0,0,7,0,0,0,0,0,0,0,0,12,0,0,0,0,0,113,0,0,1,0,0,0,0,0,0,7,0,0,0,0,0,0,0,0,0,0,3,0,0,0,0,0,0,5,0,0,0,0,0,0,0,2,8,1,0,0,168,2,0,0,1,0,0,0,0,0,0,0,4,0,0,0,3,0,0,0,0,0,0,0,0,0,2,0,0,0,3,0,5,0,0,0,0,0,0,0,1,0,0,0,2,8,0,0,6,0,14,0,0,0,0,0,0,1,0,0,0,0,0,6,0,0,1,0,0,0,0,0,0,0,0,0,3,0,0,0,0,0,1,0,0,0,12,0,0,0,0,0,2,0,0,0,1,0,0,0,0,0,418
28038,0,0,0,0,2,55,7,0,2,20,0,0,4,2,3,0,0,8,0,0,1,14,5,0,0,0,0,0,0,0,0,1,0,0,0,0,0,642,0,3,0,0,0,6,10,33,122,0,7,0,0,0,0,16,0,0,0,5,1,0,15,0,1,0,2,0,0,66,0,0,0,12,1,7,1,0,0,761,22,4,0,0,1,0,22,0,0,13,0,7,28,0,0,0,0,0,0,0,0,0,1,1,0,0,0,0,0,1,0,49,0,0,0,0,5,0,0,3,0,0,0,76,0,3,2,32,1,0,13,1,0,0,0,0,0,0,4,0,0,0,7,1,0,2,22,0,0,0,0,0,0,0,3,0,0,0,1,0,0,0,0,0,0,0,0,0,0,0,7,3,0,0,0,3,0,1,0,0,21,2.195
28039,0,0,0,0,1,5,0,0,0,0,0,0,0,1,0,0,0,0,0,3,2,0,0,0,0,0,1,0,0,1,0,0,0,0,0,0,0,0,7,1,0,0,0,0,0,0,0,0,0,0,0,0,0,0,0,0,0,0,0,0,0,0,0,1,0,0,0,0,0,0,0,0,0,0,0,0,0,13,0,0,0,0,0,0,0,0,0,0,0,0,0,0,0,0,0,0,0,0,0,0,0,0,0,0,0,0,0,0,1,0,0,0,0,0,0,0,0,0,0,0,0,0,0,1,1,0,0,0,2,0,0,0,0,0,0,1,0,0,0,0,0,0,0,0,0,0,0,0,0,0,0,0,0,0,0,0,0,0,0,0,0,0,0,0,0,0,0,0,0,0,0,0,0,0,0,0,0,0,0,42
28040,0,3,0,0,35,63,90,0,5,0,0,0,283,46,12,0,0,0,3,0,0,13,0,1,0,2,0,0,0,0,0,4,2,0,0,1,1,0,0,1.936,0,0,8,2,7,0,4,0,30,4,0,10,2,0,1,0,0,115,2,0,2,0,0,0,367,21,0,0,0,0,0,1,36,129,4,0,0,2.882,26,0,4,7,0,0,0,0,4,1,7,43,0,0,0,7,0,0,1,0,2,6,61,0,0,0,4,0,0,194,0,88,0,0,0,0,0,3,0,45,0,0,0,43,0,0,90,1,121,0,39,0,0,0,0,4,1,0,0,0,1,15,38,13,9,1,5,0,2,0,0,1,0,0,0,537,1,0,1,3,0,10,0,0,8,0,3,0,0,0,1,2,0,0,3,10,0,0,0,0,27,7.620
28041,0,50,0,0,84,289,8,0,90,0,0,0,2,5,2,0,0,1,0,0,0,8,0,0,0,0,0,0,0,0,0,5,2,0,0,0,0,0,0,4,339,3,0,2,11,0,1,0,36,0,0,0,35,0,0,0,2,8,10,0,1,0,0,0,16,0,1,0,0,0,0,0,0,6,4,0,0,1.100,8,1,3,2,0,0,0,0,0,1,0,1,0,0,0,0,0,0,0,0,0,36,2,0,1,0,0,0,0,2,0,30,0,1,0,0,0,0,0,10,0,0,0,28,1,10,20,0,2,0,224,0,0,0,0,0,0,0,0,5,0,0,48,0,0,2,0,0,2,0,0,0,0,0,0,2,16,1,2,0,0,1,1,0,0,0,1,0,0,0,0,2,0,0,0,6,0,0,0,0,35,2.632
28042,0,0,0,0,2,11,11,1,0,0,0,0,0,0,1,0,0,0,0,0,0,7,0,1,0,2,0,0,0,0,1,0,0,0,0,0,1,0,0,1,0,71,0,3,0,0,5,0,2,0,6,0,1,1,0,1,0,5,0,0,2,0,0,0,10,0,0,2,0,0,0,0,2,6,1,0,0,187,17,0,0,0,0,0,0,0,0,0,0,5,0,0,0,3,0,6,0,0,0,0,0,0,0,1,0,0,0,1,0,16,0,0,0,1,0,0,0,0,0,2,0,29,0,0,1,16,0,7,3,0,0,0,0,0,1,0,0,0,0,0,2,0,0,2,1,0,1,0,0,0,0,0,7,2,0,0,0,0,0,0,0,0,0,1,0,0,0,0,7,7,1,0,0,9,0,1,0,0,1,495
28043,0,1,0,1,24,25,16,0,1,0,0,0,145,69,1,0,0,0,33,0,0,0,0,0,1,0,0,0,0,0,0,0,8,0,1,0,0,0,0,60,0,0,437,0,1,1,0,0,14,16,1,83,0,0,2,0,0,12,0,1,0,0,0,0,49,3,0,0,0,0,0,1,1,39,3,0,0,598,5,0,1,1,0,0,0,1,2,1,17,15,0,0,0,2,0,0,0,0,1,3,4,0,0,0,15,0,0,18,0,17,0,0,0,0,1,0,0,45,0,0,0,12,0,2,7,0,18,0,11,0,0,0,0,1,0,0,0,0,2,4,10,1,1,0,1,0,1,0,0,9,0,0,0,43,0,0,0,0,0,7,0,0,15,2,1,1,0,0,1,0,0,0,97,6,0,0,0,0,11,2.061
28044,0,1,0,1,7,53,31,1,1,11,0,0,3,2,0,0,0,0,0,0,0,26,1,0,0,0,0,0,0,1,0,1,0,0,0,0,0,6,0,4,0,1,1,317,9,7,141,0,6,0,0,0,0,34,0,0,0,14,0,0,155,0,0,0,18,1,0,8,0,0,0,6,4,22,2,0,0,1.251,112,0,0,1,0,0,2,0,0,14,0,13,3,1,0,6,0,1,0,0,0,1,2,0,0,0,0,0,0,1,0,116,0,0,0,0,0,0,0,8,0,0,0,258,0,0,6,38,0,0,16,1,0,0,0,0,1,0,6,0,0,0,12,1,0,0,118,1,0,0,0,0,0,2,17,0,0,0,0,0,0,0,0,0,0,0,0,0,0,0,15,8,0,0,0,5,0,3,0,0,20,2.956
28045,0,16,0,2,113,1.116,68,0,26,5,0,0,11,83,3,0,0,5,0,0,0,34,47,4,0,0,2,3,1,4,0,4,0,2,0,1,0,5,0,34,2,3,1,9,5.057,3,84,0,74,2,0,3,1,1,1,0,0,37,1,0,14,0,0,0,66,8,30,6,0,2,0,8,11,42,4,0,0,6.427,120,39,2,7,15,15,1,1,0,25,1,21,1,1,0,5,7,0,0,0,0,21,5,0,5,1,0,2,1,11,1,298,0,1,0,0,6,0,0,31,0,0,0,202,2,98,40,6,4,0,330,0,0,0,0,0,0,0,165,5,0,0,69,2,0,15,50,2,7,0,0,0,1,0,1,4,9,0,4,1,0,1,4,15,0,0,2,0,0,0,13,4,0,0,0,12,1,1,6,2,2.162,17.370
28046,0,2,0,0,4,64,11,0,3,44,0,0,0,5,1,0,0,21,0,0,0,8,10,0,0,0,0,0,1,0,0,1,1,0,0,0,0,20,0,2,0,1,0,12,13,302,148,0,3,0,0,0,0,21,0,0,0,8,0,0,21,0,0,0,8,2,1,47,0,0,0,12,2,11,0,2,0,813,43,2,0,0,0,1,8,0,1,19,0,5,21,0,0,1,0,1,0,0,0,0,0,0,0,0,0,0,0,3,0,67,0,0,0,0,2,0,0,5,0,0,0,103,0,6,3,21,0,0,16,1,0,0,0,0,1,0,1,0,0,0,6,0,0,0,35,0,1,0,0,0,0,0,3,2,0,0,1,0,0,1,0,0,0,0,0,0,0,0,6,3,0,0,0,4,0,0,0,0,31,2.049
28047,0,4,0,1,83,620,129,1,17,424,0,1,22,32,13,0,1,59,1,0,0,116,73,0,0,6,0,1,0,1,1,4,1,0,0,0,0,95,0,18,0,3,0,136,233,112,5.117,0,41,0,1,0,4,205,1,1,0,53,2,0,389,0,0,0,90,4,1,283,0,0,0,121,8,113,0,0,0,8.054,652,19,3,4,13,0,25,0,1,270,0,55,29,0,4,16,0,1,1,0,0,6,16,0,2,0,0,0,0,19,0,811,0,0,0,1,13,1,0,31,0,11,0,1.942,4,13,23,241,4,3,184,7,0,0,0,0,5,0,16,0,3,0,94,3,1,1,772,0,3,0,0,0,0,0,54,16,1,0,0,0,0,4,2,4,0,0,1,0,0,2,54,48,1,0,1,26,0,6,2,0,229,22.470
28048,0,2,0,0,59,2,1,0,0,0,0,1,0,3,0,0,0,0,0,0,0,1,0,0,0,0,0,0,0,0,0,2,0,0,0,0,0,0,0,0,0,0,0,0,0,0,0,12,2,0,0,0,2,0,0,0,0,0,0,1,0,0,0,0,2,0,0,0,0,0,0,0,0,1,3,0,0,72,1,0,4,0,0,0,0,0,0,0,0,0,0,0,0,0,0,0,0,0,0,2,0,0,0,0,0,1,0,0,0,5,0,0,0,0,0,0,0,1,0,0,0,2,0,0,2,0,1,0,1,0,0,0,0,0,0,0,0,0,0,0,7,0,0,0,0,0,7,0,0,0,0,0,0,1,0,0,0,0,2,0,0,0,0,0,16,0,0,0,0,0,0,0,0,0,0,0,0,0,3,222
28049,0,80,0,1,653,647,186,2,78,6,2,1,44,213,20,0,1,5,0,0,1,68,3,4,0,6,0,1,2,0,0,37,27,0,1,4,0,4,0,45,17,3,5,2,50,4,40,0,6.048,3,0,3,53,6,6,0,3,122,11,0,28,0,0,0,307,9,3,4,0,0,0,7,25,225,119,1,0,18.442,157,1,57,270,1,5,1,0,2,2,5,93,3,0,1,21,0,0,9,1,2,138,77,0,15,0,1,1,0,72,2,454,1,0,0,0,0,0,0,345,0,2,0,293,4,18,1.172,1,16,1,306,0,1,0,0,0,5,1,6,1,5,0,1.093,4,1,5,21,2,71,0,2,1,0,0,3,37,3,0,3,1,0,102,0,0,0,1,10,2,0,0,9,12,2,0,2,34,1,0,0,0,325,33.004
28050,0,2,0,5,10,19,56,0,0,1,0,0,10,6,30,0,1,0,0,0,0,11,1,0,0,1,0,0,0,0,0,0,0,0,0,8,0,1,0,12,0,0,0,0,3,0,2,0,7,140,0,0,0,0,0,0,0,193,0,0,0,0,0,0,105,99,0,0,0,0,0,0,64,65,0,0,0,564,11,1,0,0,0,0,0,0,6,1,0,44,0,0,0,10,0,0,0,0,0,2,61,0,0,0,0,0,0,37,0,36,0,0,0,0,0,0,0,4,0,0,0,19,0,0,3,0,5,0,6,0,0,0,0,6,1,0,0,0,0,1,14,29,8,1,0,0,0,0,0,0,0,0,0,43,0,0,0,0,0,1,0,0,0,0,0,0,0,0,1,2,0,0,1,4,0,0,0,0,6,1.780
28051,0,0,0,1,5,3,24,1,0,0,0,0,0,5,12,0,0,0,0,0,0,16,0,0,0,7,0,0,0,0,0,0,0,0,0,0,2,1,0,3,0,12,0,0,0,0,7,0,2,1,93,0,0,2,0,0,0,3,0,0,0,0,0,0,7,0,0,1,0,0,0,0,0,8,0,0,0,212,13,0,1,0,0,0,0,0,1,0,0,18,0,0,0,4,0,16,0,0,0,1,0,0,0,2,0,0,0,7,0,18,0,0,0,0,0,0,0,2,0,3,0,11,0,0,0,6,1,13,2,0,0,0,0,0,3,0,0,0,0,0,2,1,0,0,1,0,0,1,0,0,0,0,2,1,0,0,0,0,0,0,0,0,0,0,0,0,2,0,5,4,3,0,0,10,0,0,0,0,1,583
28052,0,0,0,4,44,10,6,0,0,0,0,0,58,64,0,0,0,0,14,0,0,1,0,0,0,0,0,0,0,0,0,0,2,0,0,0,0,0,0,25,0,0,32,0,0,0,1,0,8,3,0,495,0,0,2,0,0,12,3,0,0,0,0,0,22,0,0,0,0,0,0,0,2,11,0,0,0,407,3,0,0,3,0,0,0,0,0,0,12,2,0,0,0,0,0,0,1,0,0,1,2,0,0,0,1,0,0,6,0,8,0,0,0,0,0,0,0,36,0,0,0,13,0,0,10,0,6,0,9,0,0,0,0,0,0,0,0,0,0,4,8,0,0,0,0,0,0,0,0,3,0,0,0,17,0,0,0,0,0,1,1,0,10,2,1,1,0,0,0,0,0,0,26,1,0,0,0,0,2,1.416
28053,0,141,0,0,302,218,7,0,62,0,0,0,4,11,1,1,0,0,0,0,0,8,0,0,0,0,1,0,0,0,0,20,2,0,0,0,0,0,0,3,30,2,0,0,6,1,2,0,76,0,0,1,524,0,0,0,3,7,12,0,1,0,0,0,26,0,1,0,0,0,0,1,1,15,5,0,0,1.452,12,0,28,9,0,2,0,0,0,0,2,8,0,0,0,0,0,0,1,0,1,71,1,0,1,0,0,0,0,5,0,42,0,0,0,0,0,0,4,2,0,0,0,25,0,3,52,0,1,1,144,0,0,1,0,0,0,0,1,1,0,0,228,0,0,0,2,0,5,0,0,0,0,0,0,3,7,0,0,0,0,4,0,0,0,0,1,0,0,0,0,0,1,0,0,2,0,0,0,0,56,3.674
28054,0,12,0,1,13,78,43,2,2,37,0,0,2,5,3,0,0,0,0,0,0,42,6,0,0,2,0,1,0,0,3,1,0,0,0,0,0,17,0,4,0,1,0,30,21,9,219,0,6,1,1,1,2,936,0,4,0,15,0,0,92,1,0,0,16,5,0,62,0,0,0,6,4,20,0,0,0,1.884,125,1,4,0,5,0,1,0,0,17,0,30,2,0,2,8,0,5,0,0,0,2,3,0,0,0,0,0,0,2,0,153,0,0,0,2,0,0,0,12,0,13,0,271,1,0,5,444,0,8,14,10,0,0,0,0,4,0,3,0,0,0,13,1,0,0,68,0,0,0,0,0,0,1,30,5,0,0,0,0,0,1,0,1,0,1,0,0,0,1,22,6,1,0,1,14,0,27,0,0,47,4.997
28055,0,0,0,1,25,2,1,0,1,0,0,0,1,21,0,0,0,0,0,0,0,0,0,0,13,0,0,0,0,0,0,0,0,0,1,0,0,0,0,1,0,0,0,0,0,0,0,0,2,0,0,1,0,0,104,0,0,0,0,5,0,0,0,0,5,0,0,0,0,0,0,0,1,0,0,0,0,128,0,0,0,3,0,0,0,0,0,0,0,0,0,0,0,0,0,0,1,0,1,0,0,0,0,0,0,0,0,0,0,0,0,0,0,0,0,0,0,5,0,0,0,1,0,0,1,0,1,0,2,0,0,0,0,0,1,0,0,0,1,0,1,0,0,0,0,0,1,0,0,0,0,0,0,0,0,0,0,1,0,1,0,0,0,0,1,0,0,0,0,0,0,1,10,0,0,0,0,0,0,346
28056,0,0,0,0,1,4,5,0,0,0,0,0,0,0,1,0,0,0,0,0,0,4,0,0,0,2,0,1,0,0,0,0,0,0,0,0,0,0,0,1,0,3,0,2,0,0,7,0,1,0,3,0,0,10,0,49,0,3,0,0,5,0,0,0,0,2,0,1,0,0,0,0,1,3,2,0,0,154,14,0,0,1,0,0,0,0,0,0,0,3,0,0,5,0,0,2,0,0,0,0,0,0,0,0,0,0,0,0,0,7,0,0,0,0,0,0,0,3,0,4,0,20,0,0,2,24,1,0,1,0,0,0,0,0,0,0,0,0,0,0,1,0,0,0,4,0,0,0,0,0,0,2,14,0,0,0,0,0,0,0,0,0,0,0,0,0,0,0,8,1,0,0,0,3,0,8,0,0,3,396
28057,0,27,0,0,72,37,2,0,8,0,0,0,0,3,0,0,0,0,0,0,0,2,0,0,0,0,0,0,0,0,0,4,0,0,0,0,0,0,0,1,2,0,0,0,4,0,1,0,18,0,0,0,22,0,0,0,81,2,6,0,2,0,0,0,4,0,0,0,0,0,0,0,1,7,3,0,0,261,1,0,5,0,0,0,0,0,0,0,0,4,0,0,0,0,0,0,1,0,0,13,1,1,0,0,0,0,0,2,0,5,0,0,0,0,0,0,3,2,0,0,0,6,0,1,15,0,0,0,15,0,0,0,0,0,0,0,0,1,0,0,34,0,0,1,1,0,0,0,0,0,0,0,0,1,0,0,0,0,0,1,0,0,0,0,1,0,0,0,0,0,0,0,0,0,0,0,0,0,8,693
28058,0,34,0,33,349,934,2.259,4,91,6,0,0,219,279,397,0,7,7,0,0,0,438,3,6,0,19,1,3,0,1,2,11,9,1,1,27,0,7,0,263,2,6,3,12,55,9,63,0,314,123,2,7,18,6,8,0,1,13.848,6,0,32,0,0,0,3.397,550,4,10,0,0,0,8,1.949,5.239,20,0,0,31.245,488,2,24,46,3,5,2,1,336,8,5,2.056,1,0,0,193,0,4,1,3,0,43,724,0,6,2,2,0,0,842,1,1.556,1,0,0,3,2,3,0,330,0,3,0,930,8,22,245,10,107,7,402,0,1,0,0,59,33,0,14,0,1,1,283,114,29,7,31,4,13,0,2,2,0,1,15,556,3,0,1,6,0,25,1,6,0,8,3,1,4,5,62,26,11,1,9,353,0,3,3,0,354,72.826
28059,0,14,0,0,35,252,7,0,190,0,0,0,1,7,1,0,0,0,0,0,0,6,0,0,0,1,1,0,0,0,0,1,2,0,0,0,0,0,0,2,28,2,0,1,17,0,0,0,14,0,0,0,18,0,0,0,0,6,370,0,1,0,0,0,7,0,0,2,0,0,0,0,1,5,2,0,0,658,8,0,7,1,0,4,0,0,1,0,0,2,0,0,0,1,0,0,0,0,0,24,0,3,2,0,0,0,0,5,0,23,0,0,1,0,0,0,0,6,0,0,0,32,0,18,12,0,1,0,215,0,0,0,0,0,0,0,0,20,0,0,19,1,0,4,0,0,0,0,1,0,0,0,1,1,32,0,26,0,0,0,1,0,0,0,1,0,0,0,2,1,0,0,0,1,0,0,0,0,28,2.157
28060,0,0,0,0,21,4,0,0,0,0,0,0,3,56,0,0,0,0,0,0,0,0,0,0,3,0,0,0,0,0,0,1,2,0,0,0,0,0,0,3,0,0,1,0,0,0,0,0,7,0,0,4,0,0,10,0,0,3,0,90,0,0,0,0,3,0,0,0,0,0,0,0,0,7,3,0,0,177,0,0,11,1,0,0,0,0,0,0,0,2,0,0,0,0,0,0,0,0,0,0,3,0,0,0,1,0,0,3,0,3,0,0,0,0,0,0,0,13,0,0,0,3,0,0,3,0,1,0,4,0,0,0,0,0,0,0,0,0,9,0,4,2,0,1,0,0,3,3,0,0,0,0,1,1,0,0,0,0,0,5,0,1,0,0,1,2,0,0,1,0,0,0,41,0,0,0,0,0,2,523
28061,0,2,0,0,40,312,83,0,8,64,0,0,11,12,8,0,2,5,0,0,0,78,13,1,0,5,0,0,0,0,1,1,0,0,0,0,0,16,0,3,2,3,0,219,55,20,593,0,24,0,4,0,3,102,1,1,0,31,2,0,1.440,0,0,0,56,3,1,49,0,0,0,51,6,66,5,0,0,4.314,418,6,0,3,0,0,6,0,1,26,0,65,9,0,0,8,0,3,1,0,0,3,6,0,0,0,0,0,0,11,0,440,0,0,0,5,0,0,0,22,0,1,0,1.095,1,5,12,138,1,1,54,0,0,0,0,0,2,0,11,0,0,0,31,1,0,0,590,1,0,0,0,0,0,0,36,9,1,0,0,0,0,0,0,1,0,1,1,0,0,0,35,36,0,0,0,29,0,5,1,0,124,10.972
28062,0,0,0,0,2,6,1,0,0,0,0,0,0,0,0,0,0,0,0,0,0,0,0,0,0,0,5,0,0,1,0,0,0,0,0,0,0,0,0,0,0,0,0,0,1,0,0,0,1,0,0,0,0,0,0,0,0,0,0,0,0,13,5,0,2,0,0,0,0,0,0,0,0,0,0,2,0,43,0,0,0,0,1,0,0,0,0,0,0,0,0,0,0,1,1,0,0,0,0,0,0,0,0,0,0,0,0,0,0,1,0,0,0,0,1,0,0,0,0,0,0,0,0,0,0,1,0,0,7,0,0,0,0,0,0,0,0,0,0,0,0,0,0,0,0,0,0,0,0,0,0,0,0,0,0,0,0,0,0,0,0,0,0,0,0,0,0,0,0,0,0,0,0,0,0,0,3,1,3,102
28063,0,0,0,0,0,3,0,0,0,0,0,0,0,0,0,0,0,0,0,1,0,0,0,0,0,0,5,0,0,0,0,0,0,1,0,0,0,0,0,0,1,0,0,0,0,0,2,0,0,0,0,0,0,0,0,0,0,0,0,0,0,7,19,0,0,0,0,0,0,0,0,0,0,1,0,1,0,32,0,0,0,0,0,0,0,0,0,0,0,0,0,0,0,0,0,0,0,0,0,0,0,0,0,0,0,0,0,0,0,1,0,0,0,0,0,0,0,0,0,0,0,2,0,1,0,0,0,0,2,0,0,0,0,0,0,0,0,0,0,0,1,0,0,0,1,0,0,0,0,0,0,0,0,0,0,0,0,0,0,0,0,0,0,0,0,0,0,0,0,0,0,0,0,0,1,0,3,0,1,86
28064,0,0,0,0,1,5,0,0,1,0,0,0,0,1,0,0,0,0,0,1,1,0,0,0,0,0,4,0,0,1,0,0,0,0,0,0,0,0,0,0,0,0,0,0,2,0,0,0,0,0,0,0,0,0,0,0,0,0,0,0,0,0,0,6,0,0,0,0,0,2,0,0,0,0,0,0,1,18,1,0,0,0,0,0,0,1,0,0,0,0,0,0,0,1,0,0,0,0,0,0,0,0,0,0,0,0,0,0,0,1,0,0,0,0,0,0,0,0,0,0,0,1,0,1,0,0,0,0,2,0,0,0,1,0,0,0,0,0,0,0,1,0,0,0,0,0,0,0,0,0,0,0,0,0,0,0,0,0,0,0,0,0,0,0,0,0,0,0,0,0,0,0,0,0,1,0,1,0,3,59
28065,1,28,0,17,273,910,1.193,0,48,6,0,0,129,225,72,0,2,1,1,0,0,221,3,8,0,11,0,1,0,1,1,19,13,0,1,43,0,3,0,203,4,0,9,34,39,4,51,0,314,27,2,2,14,12,3,1,0,2.041,8,0,19,1,1,0,17.366,187,1,4,0,0,0,8,307,2.700,20,0,0,28.275,283,0,29,61,2,6,0,0,38,6,6,724,2,0,1,81,0,0,3,1,0,52,579,0,3,1,3,0,0,948,1,935,0,0,0,3,0,0,0,324,0,2,0,576,7,14,219,5,112,4,331,0,0,0,0,33,6,0,5,2,0,0,430,93,34,7,33,2,16,0,1,0,0,0,10,348,1,0,2,5,0,16,0,1,3,11,3,2,1,2,37,18,9,0,8,106,0,4,5,0,384,61.888
28066,0,2,0,6,13,31,42,0,2,1,0,0,7,9,40,0,0,0,0,0,0,7,0,0,0,0,0,0,0,0,0,0,1,0,0,9,0,0,0,14,0,0,1,0,2,2,3,0,8,32,1,0,1,0,0,0,0,222,0,1,1,0,0,0,139,527,0,0,0,0,0,2,128,168,1,0,0,934,20,0,0,3,0,0,0,0,13,1,0,59,0,0,0,26,0,0,0,0,0,1,80,0,0,0,0,0,0,60,0,46,0,0,0,0,0,0,0,8,0,0,0,27,0,1,6,0,5,1,13,0,0,0,0,37,3,0,1,0,0,1,11,25,4,0,4,0,0,0,0,0,0,0,1,27,0,0,0,0,0,2,0,0,0,0,0,0,0,0,4,1,0,0,0,6,0,0,0,0,6,2.860
28067,0,1,0,0,12,122,7,0,7,1,0,0,0,9,0,0,0,0,0,0,1,1,3,0,0,0,4,10,1,2,0,0,0,0,0,1,0,3,0,4,3,0,0,1,185,3,8,0,11,0,0,0,5,0,0,0,0,3,1,1,1,0,0,0,3,0,296,1,0,1,0,3,2,4,0,0,0,596,9,3,3,1,38,6,2,1,0,2,1,5,0,10,0,0,1,0,0,0,0,1,2,2,2,0,1,0,0,1,0,28,0,0,0,0,0,0,0,0,0,0,0,22,1,24,5,0,4,0,53,0,0,0,0,0,0,0,50,1,0,0,10,0,0,9,5,0,0,1,0,0,0,0,0,0,0,0,0,0,0,0,3,8,0,0,0,0,0,0,0,0,1,0,0,2,0,0,1,1,189,1.826
28068,0,7,0,0,18,130,36,1,3,85,0,0,2,4,2,0,0,16,0,0,0,30,10,0,0,0,0,0,0,0,0,0,1,0,0,0,0,106,0,7,0,3,0,16,23,46,410,0,12,0,3,0,0,121,0,5,0,16,5,0,48,0,0,0,15,0,2,1.157,0,0,0,9,1,20,1,1,0,1.759,93,3,0,0,4,1,53,0,0,19,1,19,8,0,0,3,0,1,0,0,0,3,1,0,0,0,0,0,0,8,0,150,0,0,0,0,5,1,0,9,0,3,0,265,1,4,3,124,0,1,44,4,0,0,0,0,1,0,2,0,0,0,12,1,0,0,78,0,0,0,0,0,0,0,11,9,1,0,0,0,0,0,0,2,0,0,0,0,0,1,8,3,0,1,0,14,0,2,0,0,45,5.153
28069,0,0,0,0,1,1,0,0,0,0,0,0,0,0,1,0,0,0,0,0,0,0,0,0,0,0,0,0,0,0,0,0,0,0,0,0,0,0,0,0,0,0,0,0,0,0,0,0,0,0,0,0,0,0,0,0,0,0,0,0,0,0,0,0,1,0,0,0,4,0,0,0,0,0,0,0,0,8,0,0,0,0,0,0,0,0,0,0,0,0,0,0,0,0,0,0,0,0,0,0,0,0,0,0,0,0,0,0,0,1,0,0,0,0,0,0,0,0,0,0,0,0,0,0,1,0,0,0,0,0,0,0,0,0,0,0,0,0,0,0,0,0,0,0,0,0,0,0,0,0,0,0,0,0,0,0,0,0,0,0,0,0,0,0,0,0,0,0,0,0,0,0,0,0,0,0,0,0,1,19
28070,0,0,0,0,1,2,2,0,1,0,0,0,0,0,0,0,0,0,0,0,0,0,0,1,0,0,0,0,0,0,0,0,0,0,0,0,0,0,0,1,0,0,0,0,0,0,0,0,1,0,0,0,0,0,0,0,0,1,0,0,0,0,0,0,1,0,0,0,0,5,0,0,0,0,0,0,0,12,0,0,0,0,0,0,0,7,0,0,0,0,0,0,0,0,0,0,0,0,0,0,0,0,0,0,0,0,0,0,1,1,0,0,0,0,0,0,0,0,0,0,0,0,0,0,0,0,0,0,0,0,0,0,1,0,0,0,1,0,0,0,1,0,0,0,0,1,0,0,0,0,0,0,0,0,0,0,0,0,0,1,0,0,0,0,0,0,0,0,0,0,0,0,0,0,1,0,0,0,0,43
28071,0,0,0,0,0,1,0,0,0,0,0,0,0,0,0,0,0,0,0,0,0,0,0,0,0,0,1,0,0,0,0,0,0,0,0,0,0,0,0,0,0,0,0,0,1,0,0,0,0,0,0,0,0,0,0,0,0,0,0,0,0,0,0,0,0,0,0,0,1,0,5,0,0,0,0,0,0,6,0,0,0,0,0,0,0,8,0,0,0,0,0,0,0,0,0,0,0,0,0,0,0,0,0,0,0,0,0,0,0,0,0,0,0,0,0,0,0,0,0,0,0,0,0,0,0,0,0,0,0,0,0,0,0,0,0,0,0,0,0,0,0,0,0,0,0,0,0,0,0,0,0,0,0,0,0,0,0,0,0,0,0,0,0,0,0,0,0,0,0,0,0,0,0,0,0,0,0,0,0,23
28072,0,0,0,0,8,82,11,0,1,13,0,0,2,5,4,0,0,2,0,0,0,19,2,0,0,2,0,1,0,0,0,0,2,0,0,0,0,5,0,5,0,1,0,9,32,1,59,0,7,0,0,0,2,4,1,1,0,3,0,0,12,0,0,0,10,0,0,3,0,0,0,434,0,10,0,0,0,1.036,50,4,1,1,0,0,1,0,0,6,0,2,0,0,0,2,0,0,0,0,0,1,1,0,0,0,0,0,0,3,0,119,0,0,0,0,0,0,0,0,0,0,0,180,0,0,5,25,0,1,18,0,0,0,0,0,0,0,0,0,0,0,13,1,0,0,156,0,0,0,0,0,0,0,4,3,0,0,0,0,0,0,0,0,0,2,0,0,0,0,6,6,0,0,0,2,1,0,0,0,53,2.456
28073,0,2,0,9,30,76,170,0,4,0,0,0,22,16,66,0,1,1,0,0,0,43,1,1,0,2,0,0,0,0,0,2,0,0,0,4,0,0,0,55,1,0,0,1,11,1,9,0,43,26,0,0,1,1,2,0,0,836,1,0,1,0,0,0,286,170,0,2,0,0,0,0,1.018,341,2,0,0,2.543,37,1,3,8,1,0,0,0,72,0,1,174,0,0,0,26,0,0,1,1,0,5,124,0,0,0,0,0,0,93,0,152,0,0,0,0,0,0,1,29,0,0,0,85,0,2,25,2,10,0,33,0,0,0,0,21,1,0,3,0,1,0,20,20,0,1,0,0,1,0,1,0,0,0,1,49,0,0,0,0,0,2,0,0,1,0,1,0,0,0,10,0,1,0,1,26,0,0,1,0,26,6.875
28074,0,52,0,12,305,986,1.844,4,46,11,0,0,131,259,120,0,1,2,0,0,1,284,1,4,0,20,1,0,0,0,1,21,9,0,1,15,0,3,0,176,10,4,6,37,55,2,50,1,322,19,2,3,21,10,11,1,0,2.046,4,0,25,1,0,0,3.679,144,2,4,0,0,0,5,414,13.874,24,0,0,31.565,467,0,37,47,3,6,1,0,66,12,2,1.005,1,0,1,118,0,4,3,2,1,21,340,1,3,2,0,0,0,520,0,1.148,2,0,0,3,0,2,0,240,0,3,0,876,6,18,190,8,68,5,342,0,0,0,0,18,19,0,13,0,2,0,276,46,15,9,32,2,11,0,1,1,0,2,6,244,5,0,2,3,0,31,0,1,0,10,2,0,3,4,52,24,5,1,6,199,0,2,4,2,442,63.720
28075,0,13,0,0,192,40,11,0,5,1,1,1,2,144,1,0,0,0,0,0,0,6,0,1,0,0,0,0,0,0,0,6,26,0,0,0,0,0,0,1,1,0,1,0,2,0,0,0,126,0,0,0,16,1,0,0,0,12,0,0,3,0,0,0,26,2,0,0,0,0,0,0,0,12,507,0,0,1.051,8,0,14,83,0,0,0,0,1,1,2,10,0,0,0,1,0,0,4,0,1,2,2,1,1,0,0,0,0,2,0,45,0,0,0,0,0,0,0,52,0,0,0,9,0,3,81,0,2,0,33,0,0,0,0,0,0,0,0,0,0,0,271,0,0,0,1,0,86,0,1,0,0,0,0,3,1,0,0,4,0,43,0,0,0,0,10,0,0,0,0,0,0,2,9,3,0,0,0,0,22,3.025
28076,0,0,0,0,1,8,4,0,0,0,0,0,0,0,0,0,0,0,0,0,1,0,0,2,0,1,2,0,2,1,0,0,0,0,0,0,0,0,0,0,0,0,0,0,0,0,2,0,0,0,0,0,0,0,0,0,0,0,0,0,0,2,5,0,0,0,0,0,0,0,0,0,0,0,0,44,0,64,0,0,1,0,1,0,0,0,0,0,0,0,0,0,0,0,0,0,0,0,0,0,0,0,0,0,0,0,0,0,0,1,0,0,0,0,5,0,0,0,0,0,0,5,0,1,3,1,0,0,2,0,0,0,0,0,0,0,0,0,0,0,0,0,0,0,2,0,0,0,0,0,1,0,0,0,0,0,0,0,0,0,0,1,0,0,0,0,0,0,0,0,0,0,0,0,0,0,2,0,3,168
28078,0,0,0,0,1,1,0,0,0,0,0,0,0,0,0,0,0,0,0,0,0,1,0,0,0,0,0,0,0,0,0,0,0,0,0,0,0,0,0,0,0,0,0,0,0,0,0,0,0,0,0,0,0,0,0,0,0,0,0,0,0,0,0,0,0,0,0,0,0,0,0,0,0,0,0,0,3,6,0,0,0,0,0,0,0,1,0,0,0,0,0,0,0,0,0,0,0,0,0,0,0,0,0,0,0,0,0,0,0,0,0,0,0,0,0,0,0,0,0,0,0,0,0,0,0,0,0,0,0,0,0,0,0,0,0,0,0,0,0,0,0,0,0,0,0,0,0,0,0,0,0,0,0,0,0,0,0,0,0,0,0,0,0,0,0,0,0,0,0,0,0,0,0,0,0,0,0,0,0,13
28079,8,908,2,130,7.123,30.861,8.058,22,1.346,175,7,8,1.716,4.235,796,1,8,43,14,1,12,4.356,94,53,44,196,27,44,2,31,20,242,131,15,53,73,6,88,2,2.077,185,117,64,210,1.324,98,1.078,15,6.918,84,24,49,880,196,97,3,27,6.716,211,11,535,23,20,7,13.431,627,108,158,2,3,5,124,1.124,11.860,509,2,12,917.113,7.014,56,408,943,66,68,36,8,145,154,189,5.081,28,9,10,859,9,27,74,21,26,1.299,1.448,17,44,19,52,10,1,2.317,13,23.457,15,9,0,22,14,19,18,4.701,12,27,0,12.837,164,594,3.937,270,592,82,9.695,4,0,8,1,88,104,1,313,58,47,8,6.366,239,48,159,921,76,299,4,9,13,0,9,125,1.893,133,22,60,53,3,332,8,28,11,37,97,16,15,12,967,327,80,16,103,1.146,9,15,58,30,10.274,1.128.559
28080,0,13,0,5,102,592,383,0,11,8,0,0,16,61,18,0,1,0,0,0,0,402,2,2,0,15,0,0,0,0,2,3,2,0,0,0,0,5,0,18,0,4,2,24,18,3,59,0,60,0,0,2,5,19,0,0,0,112,0,0,24,0,0,0,214,10,0,10,0,0,0,4,17,164,5,0,0,11.253,5.236,2,4,6,0,0,1,0,0,2,2,137,2,0,6,71,0,4,2,0,0,7,22,0,0,2,1,0,0,35,0,1.540,0,0,0,5,3,0,0,47,0,6,0,1.778,3,10,41,15,5,5,168,0,0,0,0,1,7,0,4,0,0,0,88,1,0,0,76,0,3,0,0,0,0,0,23,25,4,0,1,2,0,3,0,4,0,1,0,1,0,0,125,105,2,0,0,109,0,11,0,0,195,23.629
28082,0,5,0,0,12,138,14,0,4,7,0,0,14,8,0,0,0,8,0,0,0,16,42,2,0,2,1,1,2,0,0,0,0,0,0,0,0,2,0,1,0,0,0,8,213,2,60,0,9,1,0,1,5,2,0,0,0,6,1,0,6,1,0,0,15,2,2,3,0,0,0,3,1,11,0,0,2,1.066,23,388,0,1,8,4,1,0,0,42,0,6,0,0,0,0,0,0,0,0,0,1,2,0,1,0,0,0,0,2,0,52,0,0,0,0,1,0,0,3,0,0,0,47,0,9,9,4,1,1,29,1,0,0,0,0,1,0,111,0,0,0,9,0,0,4,6,0,0,0,0,0,0,0,0,1,2,0,0,0,0,1,0,2,0,0,0,0,0,1,9,1,0,0,0,6,0,0,0,0,242,2.731
28083,0,33,0,0,1.225,123,15,0,27,0,0,0,8,18,2,0,0,0,1,1,0,3,0,0,0,0,0,0,0,0,0,78,2,0,0,0,0,0,0,8,2,0,0,0,5,0,2,0,65,1,0,0,26,1,0,0,0,13,7,0,1,0,0,0,28,0,0,0,0,0,0,1,0,19,23,0,0,1.332,5,0,762,23,0,2,0,0,0,0,0,9,0,0,0,1,0,0,2,1,0,10,9,0,0,0,0,2,0,7,0,44,2,0,0,0,0,0,0,21,0,0,0,24,1,5,62,0,1,0,78,0,0,12,0,0,0,0,0,2,0,0,170,0,1,1,2,1,18,0,6,0,0,0,0,3,3,1,0,1,0,4,1,0,0,0,20,0,0,0,0,0,0,1,0,1,0,1,1,0,47,4.438
28084,0,17,0,0,344,101,27,0,25,0,0,0,9,182,14,0,0,1,0,0,0,17,0,3,0,0,0,0,0,0,0,6,16,0,1,0,1,0,0,12,5,0,1,1,10,0,4,0,511,0,0,1,30,0,1,0,0,30,2,0,3,0,0,0,68,1,0,0,0,0,0,0,7,55,101,0,0,3.510,24,3,21,1.471,0,0,0,0,0,0,5,21,0,0,0,9,0,0,5,2,4,24,9,0,0,0,0,1,0,16,0,68,2,0,0,0,0,0,0,234,0,0,0,75,1,6,310,1,3,1,58,0,0,2,0,0,1,0,2,0,0,0,393,7,0,0,5,0,21,1,0,0,1,0,1,13,2,0,0,1,1,247,0,0,0,0,5,1,0,0,1,1,0,0,1,6,0,0,0,0,55,8.259
28085,0,1,0,0,9,97,11,0,4,1,2,0,1,3,1,0,3,0,0,0,3,3,2,2,0,0,1,14,0,3,0,0,0,0,0,0,0,1,0,3,2,0,0,3,116,0,16,0,12,1,0,0,4,0,0,0,0,4,0,0,1,0,1,0,9,0,21,2,0,0,0,0,2,8,0,1,0,628,7,6,1,0,378,6,0,0,0,5,0,4,0,1,0,2,1,0,0,0,0,3,0,0,5,0,0,0,0,0,1,35,0,0,0,0,0,0,0,0,0,0,0,13,1,2,5,4,1,0,29,0,0,0,0,0,0,0,87,0,0,0,6,0,0,2,11,0,0,0,0,0,1,0,6,1,0,0,0,0,0,0,0,1,0,0,0,0,0,0,0,0,0,0,0,2,0,0,1,0,113,1.737
28086,0,3,0,0,51,289,6,0,79,1,0,0,6,3,0,0,0,1,0,0,4,3,0,0,0,1,7,1,2,4,0,2,0,0,0,0,0,0,0,5,6,2,0,0,64,0,8,0,24,1,0,0,4,0,0,0,0,13,3,0,1,2,0,0,8,0,9,0,0,1,1,1,2,10,0,1,0,863,7,0,4,0,3,431,0,0,0,1,0,4,0,0,0,2,0,0,0,0,0,9,5,1,70,0,0,0,0,2,0,24,0,0,0,0,3,3,0,6,0,0,0,17,0,251,9,0,0,0,278,0,0,0,0,0,0,0,2,7,0,0,33,0,0,5,5,0,1,0,0,0,0,0,1,2,6,0,4,0,0,2,4,35,0,0,1,0,0,0,2,0,0,0,0,0,0,0,10,1,102,2.845
28087,0,0,0,0,2,31,8,0,0,15,0,0,0,1,0,0,0,5,0,0,0,12,1,0,0,0,0,0,0,0,0,0,0,0,0,0,0,86,0,3,0,0,0,6,14,17,74,0,3,0,0,0,0,2,0,0,0,2,3,0,11,0,1,0,6,0,0,82,0,0,0,3,1,1,0,0,0,505,23,0,0,0,1,0,229,0,0,10,0,3,4,0,0,1,0,0,0,0,0,0,0,0,0,0,0,0,0,1,0,35,0,0,0,0,3,0,0,1,0,1,0,52,0,4,0,21,0,0,16,0,0,0,0,0,0,0,1,0,0,0,4,1,0,0,18,1,0,0,0,0,0,0,0,2,0,0,0,0,0,0,0,1,0,0,0,0,0,0,2,2,0,0,0,1,0,0,0,0,10,1.343
28088,0,0,0,0,0,1,1,0,0,0,0,0,0,1,0,0,0,0,0,0,0,0,0,0,0,0,1,0,0,0,0,0,0,0,0,0,0,0,0,0,0,0,0,0,0,0,1,0,0,0,0,0,0,0,0,0,0,0,0,0,0,0,1,1,0,0,0,0,0,1,3,1,0,0,0,1,0,18,0,0,0,0,0,0,0,40,0,0,0,0,0,0,0,0,0,0,0,0,0,0,0,0,0,0,0,0,0,0,0,0,0,0,0,0,0,0,0,0,0,0,0,0,0,0,0,0,0,0,2,0,0,0,0,0,0,0,0,0,0,0,1,0,0,0,1,0,0,0,0,0,0,0,0,0,0,0,0,0,0,0,0,0,0,0,0,0,0,0,0,0,0,0,0,0,0,0,1,0,0,76
28089,0,1,0,0,5,9,52,2,1,0,0,0,6,5,49,0,0,0,0,0,0,10,0,0,0,2,0,0,0,0,0,0,1,0,0,0,0,1,0,5,0,0,0,2,0,0,2,0,6,2,0,1,0,0,0,0,0,199,0,0,5,0,0,0,57,15,0,0,0,0,0,0,113,73,0,0,0,500,6,0,0,0,0,0,0,0,255,0,0,46,0,0,0,10,0,0,0,0,0,0,6,0,0,0,0,0,0,17,0,31,0,0,0,0,0,0,0,9,0,0,0,16,0,0,2,1,3,1,5,0,0,0,0,5,0,0,0,0,0,0,4,4,0,0,1,0,0,0,0,0,0,0,1,8,0,0,0,0,0,1,0,1,0,2,0,0,0,0,2,1,2,0,0,8,0,0,0,0,8,1.580
28090,0,1,0,0,18,155,26,0,3,37,0,0,3,7,3,0,0,15,0,0,0,26,37,0,0,2,0,2,0,0,0,1,0,0,0,0,0,25,0,3,0,0,0,15,78,19,394,0,15,0,0,1,0,16,1,0,0,14,0,1,28,0,0,0,14,2,3,25,0,0,0,9,5,13,1,1,0,1.658,78,13,0,0,3,0,5,0,0,703,0,14,9,0,0,0,0,0,0,0,0,10,5,0,1,0,0,0,0,5,0,131,0,0,0,0,3,0,0,4,0,0,0,229,1,8,12,28,2,1,51,0,0,0,0,0,0,0,12,0,0,0,16,0,0,0,71,0,0,0,0,0,0,0,3,4,1,0,0,0,0,0,1,0,0,0,0,0,0,0,9,3,0,0,0,13,0,0,0,0,123,4.249
28091,0,3,0,0,22,25,13,0,0,0,0,0,23,376,2,0,0,0,3,0,0,5,1,0,1,0,0,0,0,0,0,1,8,0,0,0,0,0,0,31,0,0,3,0,0,0,0,0,20,1,0,18,1,1,0,0,0,11,0,1,2,0,0,0,41,1,0,0,0,0,0,0,5,12,7,0,0,729,3,0,1,7,0,0,0,0,1,0,500,11,0,0,0,1,0,0,0,0,0,1,1,0,0,0,5,0,0,18,0,21,0,0,0,0,0,0,0,96,0,0,0,17,0,1,13,0,15,0,12,0,0,0,0,1,1,0,1,0,6,0,21,0,0,0,1,0,0,0,0,3,0,0,0,22,0,0,0,5,0,4,0,0,0,0,2,0,0,0,0,0,0,1,31,0,0,0,0,0,5,2.195
28092,0,25,0,107,371,1.064,5.111,22,58,9,1,1,144,197,1.362,0,7,3,0,0,0,851,3,11,0,77,0,1,0,2,9,21,8,1,0,14,0,2,0,135,9,7,5,14,78,4,75,0,289,29,4,3,10,12,6,0,1,2.333,14,2,28,1,0,0,1.950,168,19,9,0,0,0,12,512,2.442,25,0,0,31.977,1.193,3,33,30,2,3,1,0,123,14,6,13.572,6,1,2,483,1,11,3,2,0,27,245,0,3,11,0,0,0,375,0,2.203,1,0,0,7,0,1,0,238,0,0,0,1.256,4,22,227,20,67,11,414,0,0,0,0,28,105,0,9,2,2,1,244,47,11,4,44,6,11,0,1,1,0,0,20,206,2,0,2,4,0,21,0,2,0,26,3,1,5,7,128,38,7,1,17,1.024,0,2,8,0,376,72.692
28093,0,0,0,0,6,22,1,0,2,9,0,0,0,3,1,0,0,13,0,0,0,4,4,0,0,0,0,0,0,0,0,0,0,0,0,0,0,15,0,1,0,0,0,2,13,20,48,0,1,0,0,0,1,3,0,0,0,3,1,0,11,0,0,0,1,0,0,5,0,0,0,4,1,5,0,0,0,316,17,2,0,0,1,1,3,0,0,9,0,5,238,0,0,1,0,0,0,0,0,0,0,0,0,0,0,0,0,1,0,22,0,0,0,1,1,0,0,2,0,0,0,35,0,3,1,5,0,1,9,0,0,0,0,0,0,0,11,0,0,0,3,0,0,2,16,0,0,0,0,0,0,0,1,1,0,0,0,0,0,0,0,0,0,0,0,0,0,0,1,0,0,0,0,5,0,0,0,0,27,941
28094,0,0,0,0,2,28,1,0,3,0,0,0,0,2,0,0,0,0,0,1,1,0,1,0,0,0,1,5,7,5,0,0,0,0,0,0,0,0,0,1,1,0,0,0,28,0,1,0,0,0,0,0,0,0,0,0,0,0,1,0,0,1,0,0,3,0,20,0,0,0,0,0,0,1,0,0,0,159,4,0,0,0,8,1,0,0,0,0,0,1,0,53,0,0,0,0,0,0,0,0,0,0,2,0,0,0,0,0,0,7,0,0,0,0,0,0,0,3,0,0,1,3,0,3,1,0,0,0,7,0,0,0,0,0,0,0,16,0,0,0,6,0,0,2,0,0,1,0,0,0,0,0,0,0,0,0,0,0,0,0,0,5,0,0,0,0,0,0,0,0,0,0,0,0,0,0,1,0,22,420
28095,0,0,0,1,5,10,5,0,3,2,0,0,2,0,4,0,0,0,0,0,0,14,1,0,0,6,0,0,0,0,1,0,0,0,0,0,0,1,0,3,0,5,0,3,1,3,14,0,3,0,0,0,0,13,0,4,0,8,0,0,5,0,0,0,8,0,0,0,0,0,0,0,0,9,1,0,0,240,41,0,0,1,0,0,0,0,0,0,0,10,0,0,86,1,0,1,0,0,0,0,1,0,0,0,0,0,0,1,0,32,0,0,0,0,0,0,0,0,0,1,0,45,0,1,2,13,0,2,5,0,0,0,0,0,0,0,0,0,0,0,1,0,0,0,10,0,0,0,0,0,0,1,48,0,0,0,0,0,0,0,0,0,0,1,0,0,0,0,35,15,0,0,0,3,0,1,0,0,2,735
28096,1,5,0,82,30,89,466,17,8,0,0,3,17,36,264,0,4,0,0,0,0,103,1,1,0,36,0,1,0,0,3,1,3,1,0,6,1,0,0,16,0,3,0,3,3,0,6,0,21,5,0,0,1,3,0,0,0,169,1,0,6,0,0,0,205,30,4,2,0,0,0,1,69,236,3,0,0,3.072,126,0,4,2,2,2,1,0,18,1,2,666,0,0,1,1.868,0,1,0,0,0,1,30,0,0,2,0,0,0,33,0,276,0,0,0,3,0,0,0,14,0,3,0,153,0,1,22,0,1,2,32,0,0,0,0,8,103,0,1,0,0,2,24,6,2,0,1,0,1,0,0,0,0,0,1,35,0,0,0,0,0,3,0,1,0,6,0,1,42,15,44,20,16,0,3,138,0,0,3,0,35,8.816
28097,0,0,0,0,0,2,0,0,0,0,0,0,0,0,0,0,0,0,0,0,0,0,0,0,0,0,1,0,0,0,0,0,0,0,0,0,0,0,0,0,0,0,0,0,0,0,0,0,0,0,0,0,0,0,0,0,0,0,0,0,0,0,4,0,0,0,0,0,0,0,0,0,0,1,0,0,0,12,0,0,0,0,1,0,0,0,0,0,0,0,0,0,0,0,3,0,0,0,0,0,0,0,0,0,0,0,0,0,0,0,0,0,0,0,1,0,0,0,0,0,0,1,0,0,1,0,0,0,1,0,0,0,0,0,0,0,0,0,0,0,0,0,0,0,0,0,0,0,0,0,0,0,0,0,0,0,0,0,0,0,0,0,0,0,0,0,0,0,0,0,0,0,0,0,1,0,1,0,3,33
28099,0,0,0,0,4,6,35,0,0,1,0,0,0,1,5,0,0,0,0,0,0,12,1,0,0,9,0,0,0,1,1,0,0,0,0,0,0,1,0,2,0,5,0,0,2,0,6,0,1,1,12,0,0,0,0,1,0,6,0,0,1,0,0,0,4,2,0,0,0,0,0,0,2,11,0,0,0,240,5,0,0,0,1,0,0,0,0,0,0,18,0,0,0,6,0,167,1,0,0,0,1,0,0,6,0,0,0,3,0,10,0,0,0,0,0,0,0,1,0,1,0,17,2,2,1,12,0,12,4,0,0,0,0,0,1,0,0,0,0,0,0,0,0,0,0,0,0,0,0,0,0,0,1,4,0,0,0,0,0,0,0,0,0,1,0,0,1,1,4,6,2,0,0,19,0,1,0,0,0,684
28100,0,11,0,0,148,16,3,0,3,0,0,0,1,99,0,0,0,0,0,0,0,3,0,0,0,0,0,1,0,0,0,1,18,0,2,0,0,1,0,1,0,0,0,0,1,0,1,4,44,0,0,1,1,0,1,0,0,3,0,0,1,0,0,0,8,0,0,0,0,0,0,0,3,10,26,0,0,704,9,0,7,19,1,0,0,0,1,0,1,2,0,0,0,0,0,0,208,12,5,1,1,1,0,0,0,0,0,8,0,11,2,0,0,0,0,0,0,20,0,0,0,13,2,0,21,0,0,0,15,0,0,0,0,1,0,0,0,0,1,0,99,0,0,0,1,0,41,0,1,0,0,0,0,4,0,0,0,10,0,9,0,0,0,0,17,0,0,0,0,0,0,13,2,5,0,0,0,0,10,1.690
28101,0,0,0,0,5,1,0,0,0,0,1,0,1,0,0,0,0,0,0,0,0,1,0,0,1,0,0,0,0,0,0,0,3,0,0,0,0,0,0,0,0,0,0,0,0,0,0,0,0,0,0,0,0,0,1,0,0,0,0,0,0,0,0,0,0,0,0,0,0,0,0,0,0,0,2,0,0,41,0,0,0,0,0,0,0,0,0,0,0,1,0,0,0,0,0,0,6,20,0,0,0,0,1,0,0,0,0,0,0,0,0,0,0,0,0,0,0,2,0,0,0,1,0,0,0,0,0,0,0,0,0,0,0,0,0,0,0,0,0,0,1,0,0,0,0,0,3,0,0,0,0,0,0,0,0,0,0,0,0,0,0,0,0,0,3,0,0,0,1,0,0,0,0,0,0,0,0,0,1,97
28102,0,0,0,0,18,3,3,0,2,0,4,0,0,36,0,0,0,0,5,0,0,0,0,0,6,0,0,0,0,0,0,1,3,0,5,0,0,0,0,1,0,0,0,0,1,0,0,0,3,0,0,0,0,0,1,0,0,1,0,0,1,0,0,0,0,0,0,0,0,0,0,0,2,1,2,0,0,93,1,0,1,0,0,0,0,0,0,0,1,0,0,0,0,0,0,0,2,0,66,0,0,0,0,0,1,0,0,2,0,4,0,0,0,0,0,0,0,10,0,0,0,0,0,0,7,0,3,0,0,0,0,0,0,0,0,0,0,0,8,0,8,0,0,0,0,0,1,0,0,1,0,0,0,0,0,0,0,8,0,2,0,0,0,0,0,0,0,0,0,0,0,3,4,0,0,0,0,0,1,326
28104,0,59,0,0,239,670,39,0,49,1,0,0,7,45,1,0,0,0,0,0,0,31,0,0,0,0,2,0,0,0,0,3,2,0,0,1,0,1,1,8,18,1,2,0,16,0,1,0,190,2,0,0,44,0,0,0,5,17,11,0,0,0,0,1,74,1,1,1,0,0,0,0,3,49,12,0,0,4.828,36,0,8,9,0,1,0,0,1,1,1,18,0,0,0,2,0,0,1,0,0,1.035,8,0,0,0,0,0,0,13,1,116,0,0,0,0,0,1,0,17,0,0,0,87,1,5,119,1,3,0,319,0,0,0,0,1,0,0,0,1,1,0,447,1,0,1,2,0,2,0,0,0,0,0,0,4,7,0,2,1,0,2,0,0,1,0,1,0,0,0,2,1,0,0,0,6,0,0,2,0,121,8.846
28106,0,31,0,17,202,511,756,2,46,2,0,0,186,181,128,0,2,0,0,0,0,205,3,3,0,19,0,1,0,0,0,8,6,0,2,51,0,4,0,517,3,5,4,9,30,3,44,0,252,76,1,6,14,3,4,0,0,3.190,8,2,24,1,0,0,3.370,278,3,2,0,0,0,2,413,1.333,31,0,0,18.787,384,1,13,46,1,0,0,0,45,6,3,558,4,1,0,83,0,1,6,1,0,26,6.034,0,1,0,0,0,0,1.318,0,572,2,0,0,7,1,6,0,194,0,0,0,476,3,8,152,6,147,2,265,0,0,0,0,37,8,1,18,0,3,2,160,468,73,6,26,1,8,0,0,1,0,0,7,552,3,0,0,1,0,25,0,1,1,1,4,0,1,0,24,22,4,0,1,137,0,1,9,0,211,42.971
28107,0,0,0,0,4,6,1,0,2,0,0,0,0,0,0,1,0,0,0,1,0,0,0,0,0,0,2,0,0,0,0,0,0,0,0,0,0,1,1,1,0,0,1,0,3,0,1,0,0,0,0,0,0,0,0,0,0,0,2,0,0,0,0,0,1,0,1,0,0,0,0,0,0,1,1,0,0,66,0,0,0,0,0,0,0,0,0,0,0,0,0,0,0,0,0,0,0,0,0,0,0,31,1,0,0,0,1,0,0,1,0,2,0,0,0,0,0,0,0,0,0,1,0,3,0,0,0,0,11,0,0,0,0,0,0,1,0,0,0,0,0,0,0,1,0,3,0,0,0,0,0,0,0,0,0,0,0,0,0,0,0,0,0,0,0,0,0,0,0,0,0,0,0,0,0,0,0,1,3,157
28108,0,1,0,0,48,224,4,0,31,0,0,0,1,2,0,0,0,0,0,0,2,3,1,1,0,0,4,1,1,2,0,2,0,1,0,0,0,0,0,0,3,0,0,0,42,0,4,0,20,0,0,0,1,0,0,0,0,2,12,0,0,0,1,1,3,0,5,0,0,0,0,0,2,4,0,0,0,660,5,0,6,0,8,51,0,0,0,1,0,5,0,3,0,0,1,0,0,0,0,5,0,3,231,0,0,0,0,0,0,28,0,0,0,0,0,0,0,1,1,0,0,19,0,125,10,1,0,0,187,0,0,0,0,0,0,0,1,2,0,0,22,0,0,5,4,4,0,0,0,0,0,0,0,2,1,0,2,0,0,0,1,21,0,0,0,0,0,0,4,1,0,0,0,3,0,0,4,0,67,1.924
28109,0,0,0,1,0,11,29,0,0,0,0,0,0,1,3,0,0,0,0,0,0,8,0,0,0,5,0,0,0,0,1,0,0,0,0,0,1,0,0,1,0,3,0,1,0,1,7,0,0,0,2,0,0,3,0,0,0,2,0,1,1,0,0,0,8,0,0,1,0,0,0,0,2,5,0,0,0,202,11,0,0,0,0,0,0,0,0,0,0,10,0,0,0,3,0,8,0,0,0,0,1,1,0,148,0,0,0,1,0,9,0,0,0,0,0,0,0,2,0,2,0,15,5,1,2,0,0,46,2,0,0,0,0,0,0,0,0,0,0,0,0,0,0,0,0,0,0,0,0,0,0,0,1,2,0,0,0,0,0,0,0,0,0,1,0,0,0,0,6,0,0,0,2,7,0,0,0,0,4,590
28110,0,0,0,1,10,6,5,0,0,0,0,1,5,136,0,0,0,0,0,0,0,0,0,0,1,0,0,0,0,0,0,1,6,0,2,0,0,0,0,16,0,0,2,0,0,0,1,0,6,0,0,2,0,0,0,0,0,0,0,0,2,0,0,0,7,0,0,1,0,0,0,0,0,8,3,0,0,246,1,0,2,2,0,0,0,0,0,0,18,2,0,0,0,1,0,0,0,0,2,2,2,0,0,0,114,0,0,3,0,9,0,0,0,0,0,0,0,40,0,0,0,3,0,0,7,0,3,0,7,0,0,0,0,0,0,0,0,0,12,0,10,0,0,0,0,0,4,0,0,1,0,0,0,2,0,0,0,2,0,5,0,0,0,0,1,0,0,0,0,0,0,0,24,0,0,0,0,0,3,750
28111,0,0,0,0,58,7,2,0,0,0,1,0,1,4,0,0,0,0,0,0,0,0,0,0,0,0,0,0,0,0,0,0,0,0,0,0,0,0,0,0,0,0,0,0,0,0,0,0,5,0,0,0,1,0,1,0,0,1,0,0,0,0,0,0,2,0,0,0,0,0,0,0,0,0,0,0,0,69,0,0,3,0,0,0,0,0,0,0,0,0,0,0,0,0,0,0,0,2,0,1,0,0,0,0,0,37,0,0,0,1,0,0,0,0,0,0,0,2,0,0,0,0,0,0,4,0,0,0,1,0,0,0,0,0,0,0,0,0,1,0,8,0,0,0,0,0,8,0,1,0,0,0,0,0,0,0,0,0,0,0,0,0,0,0,9,0,0,0,0,0,0,1,0,1,0,0,0,0,1,233
28112,0,0,3,0,1,1,1,0,0,0,0,0,0,1,0,0,0,0,0,0,0,0,0,0,0,0,1,0,0,0,0,0,0,0,0,0,0,0,0,0,0,0,0,0,2,0,0,0,1,0,0,0,0,0,0,0,0,0,0,0,0,0,0,0,0,0,0,0,0,0,0,0,0,0,0,0,0,20,0,0,0,0,0,1,0,0,0,0,0,0,0,0,0,0,0,0,0,0,0,0,0,0,0,0,0,0,8,0,0,1,0,1,0,0,3,0,0,0,0,0,0,1,0,0,0,0,0,0,2,0,0,0,0,0,0,0,0,0,0,0,0,0,0,0,0,0,0,0,0,0,1,0,0,0,0,0,0,0,0,0,0,0,0,0,0,0,0,0,0,0,0,0,0,0,0,0,0,0,0,49
28113,0,5,0,6,95,246,254,0,22,1,0,0,120,64,23,0,0,0,1,0,0,52,2,3,0,3,0,0,0,0,0,1,6,0,0,16,0,0,0,179,2,0,6,2,11,1,7,0,82,12,0,13,3,0,5,0,0,589,2,0,2,0,0,0,1.683,71,2,1,0,0,0,1,85,398,4,0,0,6.980,71,0,7,12,1,1,0,0,15,2,3,145,1,0,1,22,0,0,2,1,0,14,438,0,0,0,0,0,0,4.241,0,234,0,0,0,0,0,1,0,153,0,0,0,162,2,3,85,1,225,0,88,0,0,0,0,3,1,0,5,0,0,4,81,32,14,2,8,2,8,0,1,0,0,0,4,712,0,0,0,1,0,9,0,0,1,14,0,0,0,0,11,3,1,0,0,18,0,1,0,0,95,18.023
28114,0,0,0,0,0,1,0,0,0,0,0,0,0,0,0,0,0,0,0,0,1,0,0,0,0,0,6,1,0,0,0,0,0,0,0,0,0,0,0,0,0,0,0,0,0,0,0,0,0,0,0,0,0,0,0,0,0,0,0,0,0,0,0,2,0,0,0,0,0,1,0,0,0,0,1,0,2,13,0,0,0,0,0,0,0,2,0,0,0,0,0,0,0,0,0,0,0,0,0,0,0,0,0,0,0,0,0,0,2,1,0,0,0,0,0,0,0,0,0,0,0,0,0,0,0,1,0,0,0,0,0,1,1,0,0,0,0,0,0,0,0,0,0,0,1,1,0,0,0,0,2,0,0,0,0,0,0,0,0,0,0,0,0,0,0,0,0,0,0,0,0,0,0,0,0,0,1,0,2,43
28115,0,17,0,2,107,652,528,2,26,6,0,0,24,61,16,0,0,1,0,0,0,480,2,0,0,19,1,0,0,0,2,1,2,0,0,0,0,2,0,17,2,2,0,8,31,0,48,0,87,1,0,0,2,8,0,0,0,138,5,0,18,0,0,0,298,11,1,5,0,0,0,4,15,253,6,0,1,14.619,737,0,9,2,0,0,0,0,3,8,4,149,1,0,6,16,0,3,0,0,0,12,32,0,0,6,1,0,0,41,0,6.278,0,0,0,2,1,0,0,53,0,6,0,841,4,8,44,11,6,4,169,0,0,0,0,6,2,0,3,1,0,1,117,3,0,1,41,0,3,1,0,0,0,0,6,27,1,0,3,1,0,3,0,1,0,0,2,0,0,1,71,25,0,0,0,50,0,10,0,0,247,26.615
28116,0,1,0,0,43,3,1,0,0,0,0,1,0,31,0,0,0,0,0,0,0,0,0,0,0,0,0,0,0,0,0,0,7,0,0,0,0,0,0,2,0,0,0,0,0,0,0,0,13,0,0,0,4,0,0,0,0,2,0,0,1,0,0,0,2,1,0,0,0,0,0,0,1,2,11,0,0,124,0,0,1,3,0,0,0,0,0,0,0,1,0,0,0,0,0,0,16,1,0,2,0,0,0,0,0,0,0,2,0,4,16,0,0,0,0,0,0,6,0,0,0,2,0,0,7,0,1,0,3,0,1,0,0,0,0,0,0,0,0,0,27,0,0,0,0,0,23,0,0,0,0,0,0,1,0,0,0,0,0,0,0,0,0,0,8,0,0,0,0,0,0,2,1,0,0,0,0,0,1,379
28117,0,0,0,0,0,0,0,0,0,0,0,0,0,1,0,0,0,0,0,0,0,0,0,0,0,0,1,0,0,0,0,0,0,2,0,0,0,0,0,0,0,0,0,0,0,0,0,0,0,0,0,0,0,0,0,0,0,0,0,0,0,0,0,0,0,0,0,0,0,0,0,0,0,0,0,0,0,19,0,0,0,0,0,0,0,7,0,0,0,1,0,0,0,0,0,0,0,0,0,0,0,0,0,0,0,0,0,0,0,0,0,6,0,0,0,0,0,0,0,0,0,0,0,0,2,0,0,0,0,0,0,0,0,0,0,0,0,0,0,0,0,0,0,0,0,0,0,0,0,0,0,0,0,0,0,0,0,0,0,0,0,0,0,0,0,0,0,0,0,0,0,0,0,0,0,0,0,0,0,39
28118,0,0,0,0,0,3,0,0,0,0,0,0,0,0,0,0,0,0,0,2,0,0,0,0,0,0,0,0,0,0,0,0,0,0,0,0,0,0,0,0,0,0,0,0,1,0,0,0,0,0,0,0,0,0,0,0,0,0,0,0,0,0,0,0,0,0,0,0,0,1,0,0,0,0,1,0,0,8,0,0,0,0,0,0,0,0,0,0,0,0,0,0,0,0,0,0,0,0,0,0,0,0,0,0,0,0,0,0,0,0,0,0,3,0,0,0,0,0,0,0,0,0,0,1,0,0,0,0,0,0,0,0,0,0,0,0,0,0,0,0,0,0,0,0,0,0,0,0,0,0,0,0,0,0,0,0,0,0,0,0,0,0,0,0,0,0,0,0,0,0,0,0,0,0,0,0,0,0,2,22
28119,0,1,0,1,8,16,27,1,1,1,0,0,3,1,2,0,0,0,0,0,0,31,0,0,0,31,0,0,0,0,0,0,0,0,0,0,0,0,0,0,0,1,0,4,1,0,14,0,4,0,3,0,0,3,0,1,0,8,0,0,0,0,0,0,10,0,0,1,0,0,0,0,2,16,0,0,0,387,75,0,1,1,0,0,0,1,0,0,0,23,0,0,3,5,0,1,0,0,0,0,1,0,0,0,0,0,0,3,0,47,0,0,0,98,0,0,0,4,0,1,0,51,0,0,2,0,0,1,6,0,0,0,0,0,6,0,0,0,0,0,7,3,0,0,4,0,0,0,0,0,0,0,7,4,0,0,0,0,0,0,0,0,0,0,0,0,0,1,94,8,0,0,1,20,0,0,0,0,2,1.060
28120,0,1,10,0,3,12,1,0,0,0,0,0,0,1,0,0,0,0,0,0,1,1,0,1,0,0,2,0,2,0,0,0,0,1,0,0,0,0,0,1,12,0,0,0,3,0,2,0,4,0,0,0,0,0,0,0,0,4,0,0,0,1,3,0,2,0,0,0,0,0,0,0,0,2,0,3,0,137,0,0,0,0,1,0,0,0,0,0,0,2,0,0,0,0,0,1,0,0,0,1,0,1,0,0,0,0,3,0,0,8,0,0,0,0,190,0,0,2,0,0,0,5,0,0,2,0,0,0,7,0,0,0,0,0,0,0,0,1,0,0,0,0,0,1,1,1,0,0,0,0,0,0,0,0,0,0,0,0,0,0,0,0,0,0,0,0,0,0,0,0,0,0,0,1,0,0,3,0,9,450
28121,0,0,0,0,4,11,0,0,1,0,0,0,0,0,0,0,0,0,0,0,1,0,0,0,0,0,1,0,0,0,0,0,0,0,0,0,0,0,0,0,0,0,0,0,0,0,1,0,1,0,0,0,1,0,0,0,0,0,0,0,1,0,0,0,1,0,1,0,1,0,0,0,0,0,0,0,0,30,0,0,0,0,0,1,0,0,0,0,0,0,0,1,0,0,0,0,0,0,0,0,0,0,0,0,0,0,0,0,0,0,0,0,0,0,0,10,0,0,0,0,0,3,0,3,0,0,0,0,6,0,0,0,0,0,0,0,0,1,0,0,1,0,0,3,0,1,0,0,0,0,0,0,0,0,1,0,1,0,0,0,0,1,0,0,0,0,0,0,0,0,0,0,0,0,0,0,0,0,2,90
28122,0,4,0,0,14,9,1,0,3,0,0,0,0,1,0,0,0,0,0,0,0,0,0,0,0,0,0,0,0,0,0,1,0,0,0,0,0,0,0,0,1,0,0,0,0,0,0,0,2,0,0,1,7,0,0,0,6,0,2,0,0,0,0,0,1,0,0,0,0,0,0,0,0,0,0,0,0,81,0,0,3,0,0,0,0,0,0,0,0,0,0,0,0,0,0,0,0,0,0,6,0,0,0,0,0,0,0,0,0,1,0,0,0,0,0,0,23,0,0,0,0,0,0,0,1,0,0,0,8,0,0,0,0,0,0,0,0,0,0,0,8,0,0,0,0,0,0,0,0,0,0,0,0,0,2,0,1,0,0,0,0,0,0,0,0,0,0,0,0,0,0,0,0,0,0,0,0,0,1,188
28123,1,41,0,5,320,581,141,0,27,0,0,0,42,1.373,19,0,1,0,1,0,0,93,2,1,6,3,0,3,0,0,0,10,35,0,1,1,0,0,0,50,5,4,12,4,21,0,22,2,701,2,0,5,23,18,4,0,0,185,12,3,10,0,0,0,403,24,0,0,0,0,0,3,35,219,65,0,0,17.591,117,0,19,155,2,1,3,0,5,6,31,97,0,0,1,21,0,3,5,0,3,30,41,0,13,1,16,1,0,99,0,426,1,0,0,0,0,0,0,5.658,0,0,0,238,10,12,420,3,45,4,307,0,0,0,0,0,7,0,10,0,3,1,681,4,6,1,22,2,38,1,1,0,1,1,2,74,4,0,1,6,0,110,0,0,1,0,8,0,0,0,13,2,0,0,14,22,0,0,1,0,254,31.215
28124,0,0,0,0,0,3,0,0,0,0,0,0,0,0,0,0,0,0,0,3,0,0,0,0,0,0,1,0,0,0,0,0,0,0,0,0,0,0,0,1,0,0,0,0,2,0,0,0,0,0,0,0,0,0,0,0,0,0,0,0,0,0,0,0,0,0,0,0,0,0,0,0,0,0,0,0,0,9,0,0,0,0,0,0,0,4,0,0,0,0,0,0,0,0,0,0,0,0,0,0,0,0,0,0,0,0,0,0,0,0,0,0,0,0,0,0,0,0,2,0,0,1,0,0,0,0,0,0,1,0,0,0,0,0,0,1,0,0,0,0,0,0,0,0,0,0,0,0,0,0,0,0,0,0,0,0,0,0,0,0,0,0,0,0,0,0,0,0,0,0,0,0,0,0,0,0,0,1,0,29
28125,0,0,0,1,3,14,13,2,1,3,0,0,0,0,0,0,1,0,0,0,0,18,2,0,0,0,0,0,0,0,0,0,0,0,0,0,2,1,0,2,1,4,0,7,5,2,27,0,2,0,0,0,0,32,0,4,0,2,0,0,8,0,0,0,5,1,0,3,0,0,0,0,1,15,0,0,0,393,27,0,0,0,0,0,0,0,0,1,0,10,1,0,1,8,0,6,0,0,0,0,0,0,0,0,0,0,0,1,0,31,0,0,0,0,0,0,0,0,0,264,0,44,0,1,2,29,1,6,4,2,0,0,0,0,1,0,0,0,0,0,6,1,0,0,3,0,0,0,0,0,0,5,5,0,0,0,0,0,0,0,0,0,0,3,0,0,0,0,17,6,0,0,0,1,0,1,0,0,4,1.067
28126,0,0,0,0,1,0,0,0,0,0,0,0,0,0,0,0,0,0,0,0,0,0,0,0,0,0,1,0,0,0,0,0,0,0,0,0,0,0,0,0,0,0,0,0,0,0,0,0,0,0,0,0,0,0,0,0,0,0,0,0,0,0,0,0,0,0,0,0,0,1,0,0,0,0,0,0,0,7,0,0,0,0,0,1,0,0,0,0,0,0,0,0,0,0,0,0,0,0,0,0,0,0,0,0,0,0,0,0,0,0,0,0,0,0,0,0,0,0,0,0,2,0,0,1,0,0,0,0,2,0,0,0,0,0,0,2,0,0,0,0,0,0,0,0,0,0,0,0,0,0,0,0,0,0,0,0,0,0,0,0,0,0,0,0,0,0,0,0,0,0,0,0,0,0,0,0,0,0,0,18
28127,0,18,1,3,132,977,491,1,23,20,0,0,26,62,32,0,2,4,0,0,0,374,3,2,0,14,2,0,0,1,1,4,2,0,0,0,0,10,0,22,1,7,0,48,41,15,186,0,104,1,0,2,10,32,4,2,2,112,3,0,69,0,1,0,316,11,1,22,0,0,0,37,18,317,4,0,0,16.376,1.619,1,5,9,2,0,15,0,9,14,3,134,1,0,2,20,0,2,0,0,0,16,27,0,0,2,0,0,1,36,0,1.917,0,1,0,1,0,0,0,52,0,2,0,7.819,5,10,66,18,9,3,223,0,0,0,0,0,5,0,5,0,0,0,135,5,1,1,178,1,0,0,0,0,0,0,10,36,4,0,0,1,0,1,0,0,0,0,1,0,0,1,147,126,0,0,2,127,0,1,1,1,314,33.117
28128,0,0,0,1,0,1,3,0,0,0,0,0,0,3,1,0,0,0,0,0,0,1,1,0,0,0,0,0,0,0,6,0,0,0,0,0,0,0,0,0,0,0,0,0,0,0,2,0,0,0,0,0,0,0,0,0,0,2,0,0,0,0,0,0,2,0,0,0,0,0,0,0,1,3,0,0,0,45,2,0,0,0,0,0,0,0,0,0,0,2,0,0,0,2,0,1,0,0,0,0,0,0,0,0,0,0,0,0,0,2,0,0,0,0,0,0,0,0,0,0,0,2,39,0,0,3,0,3,1,0,0,0,0,0,0,0,0,0,0,0,0,0,0,0,0,0,0,0,0,0,0,0,0,0,0,0,0,0,0,0,0,0,0,0,0,0,0,0,0,0,0,0,0,0,0,0,0,0,0,129
28129,0,6,0,0,36,536,10,0,79,1,0,0,10,8,1,0,0,0,0,0,6,12,0,0,0,1,1,2,1,0,0,2,0,0,0,0,0,1,0,10,4,3,0,2,77,0,4,0,81,0,0,0,8,0,0,0,0,12,13,0,3,0,1,0,18,2,5,0,0,0,0,3,1,13,0,0,0,1.661,14,0,3,2,2,66,0,0,0,0,0,3,1,0,0,1,0,0,0,0,0,10,0,1,15,0,0,0,0,5,1,62,0,0,0,0,0,0,0,8,2,0,0,47,0,860,32,3,1,0,392,0,0,0,0,0,0,0,1,4,0,0,59,0,0,7,3,0,0,0,1,0,2,0,0,2,4,0,8,0,0,5,1,6,0,0,0,0,0,0,6,3,0,0,1,3,1,0,2,1,214,4.499
28130,0,56,0,1,349,302,55,0,58,2,0,1,45,128,4,0,1,0,0,0,0,18,1,4,0,3,0,0,0,0,0,6,4,0,2,0,0,0,0,28,6,0,4,1,23,2,6,1,2.087,0,0,1,36,1,1,0,2,64,7,0,6,0,0,0,148,2,6,1,0,0,0,0,13,98,73,0,0,8.504,47,2,39,189,0,0,0,0,0,2,3,30,0,0,0,14,0,0,5,1,0,79,14,0,10,0,0,2,0,30,0,254,2,0,0,0,0,0,0,281,0,2,0,107,2,9,1.808,3,10,0,125,0,0,0,0,1,1,0,2,1,1,0,619,2,2,1,9,2,30,0,1,0,0,0,1,22,1,0,0,1,0,59,3,0,0,0,12,3,0,0,3,3,0,1,5,5,0,4,3,0,142,16.171
28131,0,23,0,1,12,82,34,0,0,43,0,0,2,3,5,0,0,2,0,0,0,34,4,0,0,2,0,0,0,0,6,1,0,1,0,0,0,17,0,11,1,2,0,24,26,13,231,0,11,0,1,0,0,275,0,8,0,10,1,0,60,0,0,1,22,6,1,70,0,0,0,5,3,30,0,0,0,2.076,105,1,2,0,0,0,5,0,1,19,3,43,2,0,2,7,0,0,0,0,0,2,3,0,0,3,0,0,0,0,0,135,0,0,0,0,1,0,0,9,0,16,0,211,1,3,4,1.535,0,9,23,10,0,0,0,0,4,0,3,0,0,0,16,3,0,0,65,0,0,0,0,0,0,0,25,3,0,0,0,1,0,0,1,2,0,0,0,0,0,0,26,8,0,0,0,12,0,29,0,0,58,5.571
28132,0,3,0,2,37,90,65,0,8,0,0,0,99,147,10,0,1,2,0,0,0,18,0,2,0,0,0,0,0,0,0,3,6,0,0,2,0,0,0,215,1,0,5,0,5,0,4,0,45,2,0,6,2,0,0,0,0,126,3,1,0,0,0,0,392,7,0,1,0,0,0,0,22,112,8,0,0,2.413,27,0,9,9,0,2,0,0,1,2,24,25,0,0,0,8,0,0,0,1,2,3,52,0,0,0,2,0,0,296,0,64,0,0,0,0,0,0,0,128,0,1,0,40,0,2,33,0,1.137,0,20,0,0,0,0,2,1,0,0,1,0,4,131,4,0,6,2,0,1,0,0,0,0,0,0,208,0,0,0,1,0,7,0,1,2,0,0,0,0,0,4,1,0,0,3,16,0,0,0,0,28,6.176
28133,0,0,0,0,3,12,35,5,0,1,0,0,2,21,12,0,0,0,0,0,0,33,0,0,0,10,0,0,0,1,22,0,0,0,0,2,3,0,0,2,0,2,0,0,2,0,6,0,1,0,25,0,0,5,0,0,0,22,2,0,2,0,0,0,18,0,0,3,0,0,0,0,4,24,0,0,0,641,17,0,0,0,0,0,0,0,0,0,0,24,0,0,1,11,0,15,0,0,0,1,2,0,0,54,0,0,0,4,0,41,0,0,0,2,0,0,0,3,0,3,0,18,15,0,4,12,1,796,5,0,0,0,0,0,3,0,0,0,0,0,1,0,0,0,3,0,2,0,0,0,0,1,1,1,0,0,0,0,0,0,0,0,0,7,0,0,0,0,2,5,2,0,0,13,0,0,0,0,11,2.002
28134,0,66,0,0,340,6.364,118,0,455,6,0,0,53,124,25,0,0,1,1,0,2,60,4,7,0,2,3,0,1,4,1,15,8,2,0,1,0,4,1,55,46,67,2,2,114,2,26,0,291,0,0,1,76,5,1,0,1,83,69,0,17,4,0,2,180,10,3,3,1,1,0,1,14,145,10,1,0,14.179,126,3,11,13,3,23,0,0,1,2,1,71,0,0,0,12,0,0,1,0,2,143,31,3,19,0,0,0,0,31,1,376,0,3,0,0,1,2,0,81,1,1,0,392,3,181,143,7,15,1,7.702,0,0,1,0,0,1,0,12,21,1,0,262,7,1,5,10,3,5,0,1,0,2,0,3,21,27,2,15,1,0,9,1,5,0,0,7,0,0,0,15,5,3,0,0,22,3,0,10,2,957,33.926
28135,0,0,0,0,1,2,2,0,0,1,0,0,1,2,1,0,0,0,0,0,0,1,0,0,0,0,1,0,0,0,0,0,0,0,0,0,0,2,0,0,0,0,0,0,1,1,9,0,0,0,0,0,0,12,0,0,0,1,0,0,1,0,0,0,1,0,0,3,0,0,0,0,0,4,0,0,0,97,7,0,0,0,0,0,0,0,0,1,0,1,0,0,0,0,0,0,0,0,0,0,2,0,0,0,0,0,0,0,0,1,0,0,0,1,0,0,0,2,0,4,0,9,0,0,0,24,0,1,2,54,0,0,0,0,0,0,0,0,0,0,0,1,0,0,4,0,0,0,0,0,0,0,3,0,0,0,0,0,0,0,0,0,0,0,0,0,0,0,0,1,0,0,0,1,0,13,0,0,1,277
28136,0,1,0,0,58,11,0,0,1,0,0,13,0,2,1,0,0,0,0,0,0,0,0,0,0,0,0,0,0,0,0,1,0,0,0,0,0,0,0,1,0,0,1,0,0,0,0,0,1,0,0,0,1,0,0,0,1,1,0,0,0,0,0,0,0,0,0,1,0,0,0,0,0,0,2,0,0,74,1,0,8,0,0,0,0,0,0,0,1,0,0,0,0,0,0,0,2,0,0,0,0,0,0,0,0,1,0,0,0,1,0,0,0,0,0,0,0,1,0,0,0,1,0,0,0,0,0,0,2,0,22,0,0,0,0,0,0,0,0,0,3,0,0,0,0,1,3,0,0,0,0,0,0,0,0,0,0,0,0,0,0,0,0,0,1,0,0,0,0,0,0,0,0,0,0,0,0,0,4,223
28137,0,7,0,0,185,25,2,0,3,0,0,1,0,8,0,0,0,0,0,0,0,0,0,0,0,0,0,0,0,0,0,7,2,0,0,0,0,0,0,2,0,0,0,0,0,0,0,0,10,0,0,0,3,1,0,0,0,0,1,0,0,0,0,0,5,1,0,0,0,0,0,0,0,3,6,0,0,249,2,0,43,1,0,0,0,0,0,0,0,0,0,0,0,1,0,0,0,0,0,1,1,0,0,0,1,1,0,1,0,6,0,0,0,0,0,0,0,2,0,0,0,2,0,1,10,0,1,0,9,0,1,77,0,0,0,0,0,0,0,0,37,0,0,0,0,0,7,0,0,0,0,0,0,1,0,0,0,0,0,2,0,0,0,0,5,0,0,0,0,0,0,0,0,1,0,0,0,0,6,741
28138,0,0,0,0,0,2,0,0,0,0,0,0,0,2,0,0,0,0,0,0,0,0,1,0,0,0,4,0,0,0,0,0,0,0,0,0,0,0,0,0,0,0,0,0,0,0,0,0,0,0,0,0,1,0,0,0,0,0,1,0,0,0,0,1,0,0,0,0,0,0,1,0,0,0,0,0,0,8,0,0,0,0,0,0,0,2,0,0,0,0,0,0,0,0,0,0,0,0,0,0,0,0,0,0,0,0,0,0,0,0,0,0,0,0,0,0,0,0,0,0,0,0,0,0,0,0,0,0,1,0,0,0,2,0,0,0,0,0,0,0,0,0,0,0,0,1,0,0,0,0,0,0,0,0,0,0,0,0,0,0,0,0,0,0,0,0,0,0,0,0,0,0,0,0,0,0,0,2,1,30
28140,0,2,0,9,6,19,44,0,3,0,0,0,5,5,21,0,0,0,0,0,0,4,0,0,0,1,0,0,0,0,0,0,0,0,0,3,0,0,0,3,1,0,0,0,0,0,0,0,5,6,0,0,1,0,0,0,0,104,1,0,1,0,0,0,66,79,0,0,0,0,0,0,51,79,0,0,0,393,9,0,0,0,0,0,0,0,16,0,0,40,0,0,0,9,0,0,0,0,0,0,37,0,0,0,0,0,0,23,0,26,0,0,0,1,0,0,0,2,0,0,0,7,0,0,6,0,3,0,3,0,0,0,0,100,1,0,0,0,0,1,4,10,4,0,1,0,0,0,0,0,0,0,0,11,0,0,0,0,0,0,0,0,0,1,1,0,0,0,0,0,0,0,0,4,0,0,0,0,1,1.233
28141,0,3,0,14,8,50,136,7,6,0,0,0,7,11,53,0,0,0,0,0,0,130,1,1,0,49,0,0,0,0,1,0,1,0,0,0,0,0,0,3,1,0,0,2,2,0,3,0,12,0,2,0,0,1,1,0,0,52,0,0,3,0,0,0,37,8,0,1,1,0,0,1,10,47,1,0,0,978,96,0,0,0,0,0,0,0,15,0,1,166,0,0,0,108,0,3,0,0,0,2,8,0,0,1,0,0,0,7,0,194,0,0,0,1,0,0,0,7,0,0,0,94,0,1,6,1,3,1,19,0,0,0,0,1,380,0,0,0,0,0,8,7,0,0,4,0,0,0,0,1,0,0,8,7,0,0,0,0,0,0,0,0,0,3,0,0,3,1,43,14,20,0,0,72,0,0,0,0,16,2.966
28143,0,0,0,0,0,0,0,0,0,0,0,0,0,0,0,0,0,0,0,0,0,0,0,0,0,0,1,0,0,1,0,0,0,0,0,0,0,0,0,0,0,0,0,0,1,0,0,0,0,0,0,0,0,0,0,0,0,0,0,0,0,0,0,0,0,0,0,0,0,1,0,0,0,0,0,0,0,15,0,0,0,0,1,0,0,1,0,0,0,0,0,0,0,0,0,0,0,0,0,0,0,0,0,0,0,0,0,0,0,0,0,0,0,0,0,0,0,0,0,0,0,1,0,0,0,0,0,0,0,0,0,0,0,0,0,4,0,0,0,0,0,0,0,0,0,0,0,0,0,0,0,0,0,0,0,0,0,0,0,0,0,0,0,0,0,0,0,0,0,0,0,0,0,0,0,0,1,0,1,28
28144,0,5,0,0,9,145,21,0,2,1,0,0,7,13,0,0,0,0,0,0,2,4,15,0,0,0,2,2,0,0,0,0,1,1,0,0,0,3,0,0,1,1,0,2,198,6,25,0,6,0,0,0,0,2,0,0,0,2,0,0,0,0,1,0,14,0,30,1,0,1,1,2,1,11,0,0,2,1.068,13,14,0,0,34,2,0,0,0,6,0,4,1,3,0,0,0,0,0,0,0,4,4,0,3,0,0,0,0,1,0,59,0,0,0,0,2,1,1,5,0,0,0,38,0,13,2,0,2,0,56,0,0,0,0,0,0,0,582,1,0,0,9,0,0,4,4,1,0,0,0,0,0,0,0,1,0,0,0,0,0,0,0,1,0,0,0,0,0,0,1,0,0,0,0,3,0,0,1,0,183,2.667
28145,0,5,0,0,27,128,4,0,54,0,0,0,0,2,0,0,0,0,0,0,1,4,0,0,0,0,7,0,0,1,0,0,0,0,0,0,0,0,0,0,6,0,0,0,15,0,2,0,15,0,0,0,8,0,0,0,0,4,38,0,0,0,0,1,6,1,2,0,0,0,1,0,0,6,1,0,0,403,3,0,3,2,0,5,0,0,0,0,0,1,0,0,0,1,0,0,0,0,0,7,1,7,2,0,0,0,0,0,0,13,0,1,0,0,0,0,1,2,0,0,0,10,0,20,9,0,1,0,102,0,0,1,0,0,0,0,0,196,0,0,11,2,0,5,0,2,1,0,1,0,0,0,0,1,9,2,21,0,0,0,0,1,0,0,0,1,0,0,0,0,0,0,0,0,0,0,0,0,34,1.221
28146,0,1,0,0,14,5,3,0,1,0,7,0,4,159,0,0,0,0,1,0,0,2,0,0,0,0,0,0,0,0,0,1,19,0,4,0,0,0,0,0,0,0,0,0,0,0,1,0,16,0,0,1,0,0,2,0,0,6,0,1,0,0,0,0,9,0,0,2,0,0,0,0,0,10,3,0,0,221,0,0,0,1,0,0,0,0,0,0,8,0,0,0,0,3,0,0,1,0,2,1,0,0,0,0,11,0,0,2,0,4,0,0,0,0,0,0,0,35,0,0,0,4,0,0,4,0,0,0,4,0,0,0,0,0,0,0,0,0,202,0,4,0,0,0,1,0,4,1,0,2,0,0,0,0,0,0,0,21,0,4,0,0,0,0,2,0,0,0,0,0,0,0,20,0,0,0,0,0,1,835
28147,0,1,0,0,1,2,3,0,0,0,0,0,25,5,0,0,0,0,0,0,0,1,0,0,0,0,0,0,0,0,0,0,0,0,0,0,0,0,0,39,0,0,5,0,0,0,0,0,5,0,0,1,0,0,0,0,0,6,0,0,0,0,0,0,14,0,0,0,0,0,0,0,0,5,0,0,0,129,1,0,0,0,0,0,0,0,0,0,0,1,0,0,0,0,0,0,0,0,1,0,2,0,0,0,0,0,0,6,0,3,0,0,0,0,0,0,0,6,0,0,0,2,0,0,3,0,20,0,0,0,0,0,0,0,0,0,0,0,0,45,6,0,0,0,0,0,0,0,0,0,0,0,0,24,0,0,0,0,0,1,0,0,1,0,0,0,0,0,0,0,0,0,3,0,0,0,0,0,0,367
28148,0,590,0,4,3.204,1.557,138,0,249,10,0,4,64,308,14,0,0,0,1,0,0,78,2,8,0,3,0,0,0,0,0,87,27,0,1,1,0,2,0,91,55,5,9,6,60,3,20,6,1.630,5,0,4,263,4,4,0,11,154,65,3,10,0,0,0,330,16,10,2,0,0,0,3,30,233,452,0,0,18.396,153,1,227,232,0,9,1,0,3,3,12,101,2,0,0,33,0,5,15,4,0,249,61,0,6,0,0,0,0,71,0,718,4,0,0,0,0,2,1,377,0,3,0,312,9,33,2.080,3,33,3,778,1,1,5,0,2,3,0,10,5,4,0,11.800,4,2,3,12,2,207,0,5,0,2,0,3,61,17,0,5,7,1,77,2,1,0,0,52,1,0,0,7,3,1,3,10,33,0,1,2,0,526,46.657
28149,0,0,0,1,14,28,42,0,0,0,0,0,22,9,20,0,0,0,0,0,0,9,0,0,0,0,0,0,0,0,0,0,0,0,0,1,0,0,0,18,0,0,0,1,0,0,3,0,6,23,0,0,1,0,0,0,0,164,0,0,1,0,0,0,201,59,0,0,0,0,0,0,56,97,4,0,0,947,10,0,2,3,0,0,0,0,8,0,3,32,0,0,0,14,0,0,0,0,0,3,191,0,0,0,0,0,0,59,0,24,0,0,0,0,0,0,0,6,0,0,0,17,0,0,17,0,13,0,13,0,0,0,0,7,0,0,0,0,0,0,6,424,14,0,3,0,1,0,0,0,0,0,0,49,0,0,1,0,0,1,0,0,0,1,0,0,0,0,1,1,0,0,0,7,0,0,0,0,13,2.671
28150,0,0,0,3,4,14,11,0,0,0,0,0,18,7,7,0,0,0,0,0,0,6,0,0,0,0,0,0,0,0,0,0,0,0,0,4,0,0,0,17,0,0,0,1,2,0,1,0,5,7,0,0,0,0,0,0,1,73,0,0,0,0,0,0,93,17,0,0,0,0,0,1,17,41,0,0,0,403,9,0,0,0,0,0,0,0,1,0,0,16,0,0,0,6,0,0,0,0,0,0,100,0,0,0,0,0,0,35,0,14,0,0,0,0,0,0,0,13,0,0,0,10,1,2,3,0,3,0,4,0,0,0,0,3,1,0,0,0,0,0,4,95,132,0,1,0,0,0,0,0,0,0,0,61,0,0,0,0,0,1,0,0,0,1,0,0,0,0,1,0,1,0,0,5,0,0,0,0,4,1.280
28151,0,2,0,0,61,105,4,0,23,0,0,0,1,13,0,0,0,0,0,2,6,0,1,0,0,0,16,3,4,10,0,1,0,0,0,0,0,0,1,6,2,1,0,1,60,1,7,0,19,0,0,0,3,1,0,0,0,2,10,0,0,0,2,1,7,0,4,0,1,0,0,0,1,3,1,0,1,470,3,0,1,1,2,8,0,2,0,0,0,0,0,1,0,0,0,0,0,0,0,5,0,27,7,0,0,0,0,1,3,10,0,0,1,0,0,6,1,2,1,0,0,15,0,31,4,0,0,0,75,0,0,0,0,0,0,0,1,24,0,0,10,0,0,291,3,51,0,0,0,0,1,0,0,0,4,3,19,0,0,0,5,8,0,0,0,0,0,0,1,0,0,0,0,0,0,0,9,5,37,1.536
28152,0,0,0,0,27,330,59,0,2,13,0,0,4,9,19,0,0,5,0,0,0,65,9,1,0,0,0,0,0,0,0,1,0,0,0,0,0,3,0,1,0,0,0,31,43,9,179,0,19,0,0,0,3,11,0,1,0,29,0,0,74,0,0,0,47,4,0,9,0,0,0,72,3,32,0,0,0,3.364,190,6,2,0,2,0,4,0,0,7,0,30,0,0,0,1,1,0,0,0,1,2,3,0,0,0,0,0,0,10,0,357,0,0,0,0,1,0,0,11,0,1,0,641,0,4,16,11,3,0,55,0,0,0,0,0,1,0,1,0,0,0,26,3,0,1,1.045,2,0,0,0,0,0,0,7,6,1,0,0,0,0,2,0,3,0,0,0,0,0,0,23,18,0,0,0,32,0,0,0,0,101,7.109
28153,0,1,0,0,9,16,1,0,7,0,0,0,0,1,0,0,0,0,0,2,1,0,0,0,0,0,0,0,0,1,0,0,1,0,0,0,0,0,0,1,2,0,0,0,4,0,1,0,3,0,0,0,1,0,0,0,0,0,1,0,0,0,0,0,0,0,1,0,0,0,0,0,0,0,0,0,0,95,0,0,0,0,1,1,0,0,0,0,0,0,0,0,0,0,0,0,0,0,0,2,0,6,2,0,0,0,0,0,0,2,0,0,2,0,0,0,1,0,0,0,0,2,0,2,0,0,0,0,3,0,0,0,0,0,0,0,0,2,0,0,1,0,0,11,0,67,0,0,0,0,0,0,0,0,2,0,1,0,0,0,0,1,0,0,0,0,0,0,0,0,1,0,0,0,0,0,1,0,8,268
28154,0,19,0,0,364,18,5,0,10,0,0,0,1,48,0,0,0,1,0,0,0,5,0,0,1,1,0,0,0,0,0,3,22,0,0,0,0,0,0,6,1,0,0,0,2,0,1,1,44,0,0,1,4,0,1,0,0,4,0,0,0,0,0,0,9,0,0,0,0,0,0,0,0,6,106,0,0,664,3,0,17,28,0,0,0,0,0,0,2,4,0,0,0,0,0,0,8,1,1,9,3,1,0,0,0,0,0,3,0,25,0,0,0,0,0,1,0,13,0,0,0,8,0,1,55,0,1,0,30,0,0,0,0,0,0,0,1,0,1,0,186,0,0,0,0,0,525,0,1,0,0,0,0,2,2,0,0,1,1,10,1,0,0,0,56,0,0,0,1,0,0,1,4,0,0,0,0,0,25,2.380
28155,0,0,0,0,0,0,0,0,0,0,0,0,0,12,0,0,0,0,0,0,0,0,0,0,12,0,0,0,0,0,0,0,0,0,1,0,0,0,0,1,0,0,1,0,0,0,0,0,0,0,0,1,0,0,7,0,0,1,0,0,0,0,0,0,1,0,0,0,0,0,0,0,0,1,0,0,0,46,0,0,0,2,0,0,0,0,0,0,0,0,0,0,0,0,0,0,0,0,1,0,0,0,0,0,0,0,0,1,0,2,0,0,0,0,0,0,1,2,0,0,0,0,0,0,2,0,0,0,1,0,0,0,0,0,0,0,0,0,4,0,0,0,0,0,0,0,0,22,0,0,0,0,0,0,0,0,0,0,0,0,0,0,0,0,0,0,0,0,0,0,0,0,31,0,0,0,0,0,0,153
28156,0,2,0,0,122,10,1,0,1,0,0,0,0,6,0,0,0,0,0,0,0,1,0,0,0,0,0,0,0,0,0,11,1,0,0,0,0,0,0,1,0,0,0,0,1,0,0,0,8,0,0,0,8,0,0,0,0,0,2,0,0,0,0,0,2,0,0,0,1,0,0,0,1,2,0,0,0,132,0,0,21,0,0,0,0,0,0,0,0,0,0,0,0,1,0,0,0,0,0,2,0,0,1,0,0,0,0,1,0,5,0,0,0,0,0,0,0,4,0,0,0,2,0,2,6,0,0,0,11,0,0,0,0,0,0,0,0,0,0,0,21,0,0,2,1,0,4,0,40,0,0,0,0,1,1,0,0,0,0,0,0,0,0,0,1,0,0,0,0,0,0,0,0,0,0,0,0,0,6,446
28157,0,0,0,0,2,2,1,0,0,0,0,0,5,29,1,0,0,0,5,0,0,1,0,0,0,0,0,0,0,0,0,0,3,0,0,0,0,0,0,4,0,0,9,0,0,0,0,0,3,0,0,9,0,0,0,0,0,0,0,0,0,0,0,0,1,1,0,0,0,0,0,0,0,5,0,0,0,66,0,0,0,0,0,0,0,0,0,0,3,0,0,0,0,1,0,0,0,0,2,0,0,0,0,0,2,0,0,0,0,2,0,0,0,0,0,0,0,5,0,0,0,0,0,0,1,0,1,0,0,0,0,0,0,0,0,0,0,0,0,1,0,1,0,0,0,0,0,0,0,26,0,0,0,2,0,0,0,0,0,2,1,0,1,0,0,1,0,0,0,0,0,0,7,0,0,0,0,0,0,206
28158,0,2,0,0,5,13,1,0,5,0,0,0,0,1,0,0,0,0,0,0,1,0,0,0,0,0,0,9,1,7,0,0,0,0,0,0,0,1,0,0,0,0,0,0,6,0,0,0,1,0,0,0,0,0,0,0,0,0,0,0,0,0,1,0,0,0,0,1,0,0,0,0,0,1,0,0,0,89,2,0,0,1,3,3,0,0,0,0,0,0,0,1,0,0,0,0,0,0,0,0,0,0,4,0,0,0,0,1,0,6,0,0,0,0,0,0,0,0,0,0,0,1,0,4,0,0,0,0,5,0,0,0,0,0,0,0,1,0,0,0,2,0,0,3,0,0,0,0,0,0,42,0,0,0,0,0,0,0,0,0,0,5,0,0,0,0,0,0,0,0,0,0,0,0,2,0,0,1,2,234
28159,0,0,0,0,1,0,3,0,0,1,0,0,0,0,0,0,0,0,0,0,0,2,0,0,0,2,0,0,0,0,0,0,0,0,0,0,0,0,0,0,0,1,0,0,0,0,1,0,0,0,0,0,0,0,0,0,0,0,0,0,0,0,0,0,1,0,0,5,0,0,0,0,0,2,0,0,0,66,5,0,0,0,0,0,0,0,0,0,0,0,0,0,0,0,0,0,0,0,0,0,0,0,0,0,0,0,0,0,0,5,0,0,0,0,0,0,0,0,0,10,0,7,0,0,1,12,0,1,0,0,0,0,0,0,0,0,2,0,0,0,0,0,0,0,7,0,0,0,0,0,0,33,0,0,0,0,0,0,0,0,0,0,0,0,0,0,0,0,1,1,0,0,0,0,0,1,0,0,0,171
28160,0,3,0,0,7,80,43,1,0,3,0,0,2,3,6,0,0,0,0,0,0,40,1,0,0,15,1,1,0,0,1,0,0,0,0,0,0,5,0,4,0,11,0,28,18,4,47,0,11,0,3,0,0,37,0,2,0,15,0,0,31,0,0,0,35,40,0,5,1,0,0,2,11,39,0,0,0,1.358,208,0,3,0,2,0,0,0,0,5,0,40,0,0,25,5,0,3,2,0,0,3,2,0,0,0,0,0,0,6,0,216,0,0,0,4,1,0,0,5,0,11,0,248,2,1,12,48,3,2,26,0,0,0,0,0,12,0,0,0,0,0,6,1,0,0,32,0,0,0,0,0,0,0,676,4,0,0,0,1,0,1,0,1,0,1,1,0,0,0,131,87,1,0,0,10,0,12,0,0,35,3.809
28161,0,14,0,9,112,309,321,1,29,2,0,0,445,140,31,0,1,1,1,0,0,70,0,1,0,4,0,1,0,0,2,7,4,0,0,6,0,3,0,573,0,2,8,1,14,0,12,0,105,19,0,39,5,7,1,0,2,534,3,0,3,0,0,0,1.727,51,0,1,0,0,0,2,114,519,6,0,0,10.795,102,0,13,19,1,1,0,0,7,1,5,249,2,0,2,17,0,0,0,0,0,18,388,0,0,0,0,0,0,961,0,323,0,0,0,1,1,2,1,170,0,0,0,201,2,10,95,2,161,1,180,0,0,0,0,10,3,0,4,0,0,3,105,60,30,2,8,3,8,0,0,0,0,0,1,5.976,2,0,1,2,0,11,0,0,1,2,2,0,0,1,6,10,1,0,3,45,0,0,1,0,116,25.410
28162,0,6,0,0,48,143,1,0,106,0,0,0,1,5,0,0,0,0,0,0,0,4,0,0,0,0,0,0,0,0,0,2,0,0,0,0,0,0,0,1,8,3,0,0,14,0,0,0,15,0,0,0,12,0,1,0,0,2,29,0,0,0,0,0,10,1,1,0,0,0,0,0,2,4,1,0,0,450,4,0,1,0,0,1,1,0,0,2,0,3,1,0,0,1,0,0,0,0,0,7,1,0,1,0,0,0,0,1,0,16,0,0,0,0,0,0,1,3,0,0,0,13,0,9,11,0,0,0,114,0,0,0,0,0,0,0,1,5,0,0,8,0,0,1,1,0,1,0,0,0,0,0,1,1,156,0,3,0,0,0,0,0,0,0,0,0,0,0,0,0,0,1,0,1,0,0,0,2,17,1.260
28163,0,1,0,0,6,20,1,0,7,0,0,0,0,1,0,0,0,0,0,0,1,0,0,0,0,0,1,0,0,1,0,0,0,0,0,0,0,0,0,0,1,0,0,0,0,0,0,0,1,0,0,0,2,0,0,0,0,0,3,0,0,0,0,0,0,0,0,0,0,0,0,0,0,0,0,0,0,50,0,0,0,0,0,3,0,0,0,0,0,0,0,0,0,0,0,0,0,0,0,0,1,0,1,0,0,0,0,0,0,0,0,0,0,0,0,0,0,1,0,0,0,2,0,4,2,0,0,0,15,0,0,0,0,0,0,0,0,6,0,0,4,0,0,3,0,0,0,0,0,0,0,0,0,0,2,20,1,0,0,0,1,1,0,0,1,0,0,0,0,0,0,0,0,0,0,0,0,0,4,168
28164,0,2,0,0,42,154,5,0,66,0,0,0,0,0,0,0,0,0,0,0,1,1,1,0,0,0,0,0,2,0,0,2,0,0,0,0,0,0,0,3,10,3,0,0,17,0,0,0,9,0,0,0,6,0,0,0,0,4,52,0,1,0,0,0,11,0,0,0,0,0,0,0,1,4,0,0,0,455,1,0,2,0,1,6,0,0,0,1,0,5,0,0,0,0,0,0,0,0,0,8,0,1,2,0,0,0,0,1,0,17,1,0,0,0,0,0,0,2,0,0,0,10,1,16,3,0,0,0,107,0,0,0,0,0,0,0,1,36,0,0,15,2,0,4,0,1,0,0,0,0,0,0,0,1,11,0,171,0,0,0,1,3,0,0,1,0,0,0,0,0,0,0,0,1,0,0,1,0,18,1.304
28165,0,1,0,0,28,9,2,0,0,0,1,0,0,131,0,0,0,0,1,0,0,1,0,0,1,0,0,0,0,0,1,7,37,0,11,0,0,0,0,4,0,0,0,0,0,0,0,0,14,0,0,1,0,0,2,0,0,2,0,0,0,0,0,0,7,0,0,0,0,0,0,0,1,0,7,0,0,262,3,0,3,4,0,0,0,0,0,0,7,1,0,0,0,1,0,0,8,1,1,1,0,0,0,0,4,1,0,0,0,2,0,0,0,0,0,0,0,33,0,0,0,2,0,0,2,0,0,0,5,0,0,0,0,0,0,0,0,0,12,0,18,0,0,0,0,0,7,0,0,0,0,0,0,3,0,0,0,181,0,1,0,0,0,0,2,0,0,0,0,0,0,1,1,0,0,0,0,0,0,836
28166,0,1,0,0,30,1,0,0,0,0,0,1,0,0,0,0,0,0,0,0,0,0,0,0,0,0,0,0,0,0,0,2,0,0,0,0,0,0,0,0,0,0,0,0,0,0,0,0,6,0,0,0,1,0,0,0,0,1,0,0,0,0,0,0,0,0,0,0,0,0,0,0,0,0,3,0,0,44,0,0,0,0,0,0,0,0,0,0,0,1,0,0,0,0,0,0,1,0,0,1,0,0,0,0,0,0,0,0,0,0,0,0,0,0,0,0,0,0,0,0,0,0,0,0,4,0,0,0,0,0,0,0,0,0,0,0,0,0,0,0,5,0,0,0,0,0,11,0,0,0,0,0,2,0,0,0,0,0,5,0,0,0,0,0,9,0,0,0,0,0,0,0,0,0,0,0,0,0,2,131
28167,0,10,0,0,150,64,19,0,7,0,0,0,7,180,1,0,0,0,0,0,0,10,0,0,0,0,0,0,0,0,1,0,8,0,0,0,0,0,0,4,1,0,1,0,1,0,3,0,295,0,0,0,8,0,0,0,0,14,1,1,5,0,2,0,55,4,1,2,0,0,0,0,2,14,80,0,0,1.884,10,0,21,232,0,1,0,0,2,0,5,16,1,0,0,7,0,0,2,1,2,8,4,0,0,0,0,1,0,12,0,50,0,0,0,0,0,1,0,167,0,0,0,19,1,2,163,0,6,0,34,0,0,0,0,0,0,0,1,0,0,0,170,0,0,0,1,0,21,0,2,1,0,0,0,11,0,0,1,0,0,684,0,0,0,1,9,0,0,0,2,0,0,0,3,3,0,0,0,0,27,4.540
28168,0,2,0,1,5,60,0,0,20,0,0,0,1,0,0,0,0,0,0,0,0,2,0,0,0,0,2,1,0,2,0,0,0,0,0,0,0,0,0,1,0,0,0,0,16,0,2,0,11,1,0,0,3,0,0,0,0,1,3,0,0,0,0,0,3,0,1,1,0,0,0,0,0,2,0,0,0,175,1,1,0,0,1,15,0,1,0,0,0,1,0,0,0,1,0,0,0,0,0,1,0,0,19,0,0,0,0,1,0,8,0,0,0,0,0,0,0,1,0,0,0,8,0,60,3,0,0,0,42,0,0,0,1,0,0,0,1,1,0,0,7,0,0,0,0,4,0,0,0,0,0,0,0,0,0,1,0,0,0,0,43,11,0,0,0,0,0,0,0,0,0,0,0,0,0,0,5,2,23,579
28169,0,1,0,0,8,39,2,0,4,0,0,0,1,0,0,0,0,0,0,0,1,1,0,0,0,0,2,0,1,5,0,0,0,0,0,0,0,0,0,0,0,1,0,0,10,1,0,0,1,0,0,0,0,0,0,0,0,2,0,0,0,0,0,0,2,0,2,0,0,0,0,1,0,0,0,1,0,215,1,0,0,0,0,8,0,1,0,0,0,1,0,1,0,0,0,0,0,0,0,1,0,0,4,0,0,0,0,0,0,5,0,0,0,0,0,0,0,1,0,0,0,12,0,12,0,1,0,0,45,0,0,0,0,0,0,0,2,0,0,0,4,0,0,2,0,1,0,0,0,0,1,0,0,0,0,0,0,0,0,0,1,71,0,0,0,0,0,0,0,0,0,0,0,0,0,0,5,0,23,504
28170,0,0,0,1,19,5,6,0,0,0,0,0,91,28,0,0,0,0,1,0,0,2,0,0,0,0,0,0,0,0,0,0,1,0,0,1,0,0,0,39,0,0,15,0,1,0,0,0,5,3,0,20,0,0,2,0,0,12,1,0,0,0,0,0,21,0,0,0,0,0,0,0,4,8,0,0,0,174,3,0,0,2,0,0,0,1,0,0,0,2,0,0,0,3,0,0,0,0,0,0,5,0,0,0,0,0,0,8,0,4,0,0,0,0,0,0,0,3,0,0,0,2,0,0,2,0,6,0,3,0,0,0,0,0,0,0,0,0,0,6,1,4,0,0,1,0,0,0,0,0,0,0,0,40,0,0,0,0,0,0,0,0,251,0,2,0,0,0,0,0,0,0,20,2,0,0,0,0,1,832
28171,0,1,0,9,4,11,41,66,0,1,0,0,0,7,29,0,1,0,0,0,0,17,1,0,0,3,0,0,0,0,9,0,0,0,0,1,0,0,0,0,0,4,4,1,0,1,13,0,6,0,4,0,0,2,0,0,0,25,4,1,4,0,0,0,20,2,0,1,0,0,0,1,2,20,0,0,0,752,23,0,0,0,1,0,0,0,1,0,0,46,0,0,0,34,0,0,0,0,0,3,2,0,0,1,0,0,0,5,0,23,0,0,0,0,0,0,0,7,0,4,0,28,0,1,1,7,0,21,11,0,0,0,0,1,2,0,0,0,0,0,3,0,1,0,1,0,0,0,0,0,0,0,2,2,0,0,0,0,0,1,0,0,0,492,0,0,26,0,4,1,0,0,0,6,0,0,0,0,6,1.835
28172,0,23,0,1,1.136,102,13,0,15,1,0,7,7,61,0,0,0,0,0,0,0,3,0,3,0,0,0,0,0,0,0,18,7,0,0,0,0,0,0,5,2,0,1,0,6,1,3,5,65,0,0,2,23,0,2,0,0,5,0,0,0,0,0,0,26,2,0,0,0,0,0,0,1,14,42,0,0,1.375,17,0,55,11,0,0,0,0,0,0,5,6,0,0,0,3,0,0,10,0,0,6,9,0,0,0,0,1,0,15,0,40,7,0,0,0,0,0,0,35,0,0,0,24,1,2,65,1,1,1,66,0,1,3,0,0,0,0,2,1,0,0,182,0,0,2,2,1,71,0,0,0,0,0,0,1,5,0,0,3,1,14,0,0,0,0,421,0,0,0,0,0,0,0,1,4,0,0,0,0,24,4.097
28173,0,0,0,0,0,1,1,0,0,0,0,0,5,17,0,0,0,0,0,0,0,0,0,0,1,0,0,0,0,0,0,0,0,0,0,0,0,0,0,0,1,0,1,0,0,0,0,0,4,0,0,1,0,0,4,0,0,2,0,2,0,0,0,0,4,0,0,0,0,0,0,0,0,1,0,0,0,51,0,0,1,1,0,0,0,0,0,0,1,0,0,0,0,0,0,0,0,0,0,0,0,0,0,0,0,0,0,1,0,1,0,0,0,0,0,0,0,5,0,0,0,1,0,0,2,0,1,0,0,0,0,0,0,0,0,0,0,0,2,0,2,0,0,0,0,0,0,3,0,0,0,0,0,0,0,0,0,0,0,2,0,0,0,0,0,26,0,0,0,0,0,0,29,0,0,0,0,0,0,174
28174,0,1,0,0,1,4,22,7,0,0,0,0,0,1,14,0,0,0,0,0,0,6,0,0,0,2,0,0,0,0,0,0,0,0,0,0,2,0,0,2,0,0,0,0,0,0,0,0,4,0,2,0,0,0,0,0,0,12,0,3,1,0,0,0,12,1,0,0,0,0,0,0,1,14,0,0,0,209,11,0,0,0,0,0,0,0,1,0,0,34,0,0,0,44,0,0,0,0,0,0,1,0,0,0,0,0,0,2,0,12,0,0,0,0,0,0,0,1,0,0,0,11,0,0,1,0,0,1,2,0,0,0,0,0,5,0,0,0,0,0,1,1,0,0,0,0,0,0,0,0,0,0,0,2,0,0,0,0,0,0,0,0,0,2,0,0,132,18,2,1,0,0,0,13,0,0,0,0,0,619
28175,0,0,0,1,1,4,12,2,1,0,0,0,0,1,7,0,0,0,0,0,0,10,0,0,0,7,0,0,0,0,0,0,0,0,0,0,0,1,0,0,0,0,0,0,0,0,2,0,2,0,0,0,0,0,0,0,0,8,0,0,2,0,0,0,6,0,0,0,0,0,0,0,2,5,0,0,0,137,15,0,0,0,0,0,0,0,0,0,0,19,0,0,0,16,0,1,0,0,0,1,0,0,0,0,0,0,0,0,0,16,0,0,0,1,0,0,0,0,0,1,0,12,0,0,1,2,1,2,2,0,0,0,0,1,4,0,0,0,0,0,3,1,0,0,2,0,0,0,0,0,0,0,3,1,0,0,0,0,0,0,0,0,0,0,0,0,2,68,6,0,6,0,0,11,0,0,0,0,0,409
28176,0,0,0,0,14,141,91,3,3,0,0,0,12,6,7,0,0,0,0,0,0,198,1,0,0,92,0,0,0,0,1,1,1,0,0,0,0,0,0,4,0,3,0,7,7,1,34,0,15,1,0,1,1,16,0,2,0,47,2,0,20,0,0,0,43,6,0,4,0,0,0,2,9,85,2,0,0,2.293,366,0,2,0,0,2,0,0,3,1,0,108,0,0,6,21,0,2,0,0,0,1,5,0,0,3,0,0,0,12,0,276,0,0,0,23,0,0,0,13,0,3,0,300,1,1,8,7,4,1,27,0,0,0,0,0,22,0,2,0,0,0,22,2,0,0,12,1,0,0,0,0,0,1,43,4,0,0,0,0,0,1,0,0,0,1,0,0,1,2,1.200,122,2,0,2,39,0,4,0,0,35,5.890
28177,0,4,0,0,20,138,80,0,4,3,0,0,4,10,4,0,0,0,0,0,0,102,0,0,0,12,0,0,0,0,0,0,0,0,0,1,0,0,0,5,0,10,0,22,6,4,45,0,14,1,0,1,2,5,0,0,0,26,0,0,19,0,0,0,45,1,0,3,0,0,0,3,3,73,1,0,0,2.412,602,0,2,1,0,1,0,0,2,1,1,70,1,0,5,18,0,0,1,0,0,8,3,0,0,0,0,0,0,8,0,377,0,0,0,4,1,0,0,9,0,2,0,757,0,2,12,15,1,0,32,0,0,0,0,0,12,0,1,0,0,0,31,0,0,0,21,1,1,0,0,0,0,0,20,5,1,0,0,1,0,1,0,5,0,0,0,0,1,1,187,850,0,0,0,16,0,3,0,0,54,6.231
28178,0,0,0,0,6,3,19,2,1,0,0,0,0,0,10,0,0,0,0,0,0,9,0,0,0,17,0,0,0,0,0,0,0,0,0,0,0,1,0,0,0,0,0,0,1,0,5,0,2,0,0,0,0,1,0,1,0,6,0,0,2,0,0,0,2,2,0,0,0,0,0,0,3,8,0,0,0,160,16,0,1,0,0,0,0,0,0,0,0,22,0,0,0,10,0,1,0,0,0,0,0,0,0,0,0,0,0,1,0,24,0,0,0,0,0,0,0,1,0,0,0,13,0,0,0,2,0,0,2,0,0,0,0,0,22,0,0,0,0,0,0,1,0,0,0,0,0,0,0,0,0,0,0,1,1,0,0,0,0,0,0,0,0,0,0,0,4,9,10,0,51,0,0,15,0,0,0,0,1,469
28179,0,2,0,0,41,8,2,0,0,0,1,0,1,42,0,0,0,0,0,0,0,1,0,0,0,0,0,0,0,0,0,2,10,0,3,0,0,0,0,1,0,0,0,0,1,0,0,1,24,1,0,0,2,0,0,0,0,4,1,0,0,0,0,0,3,1,1,0,0,0,0,0,1,2,6,0,0,225,1,0,3,3,0,0,0,0,0,0,2,1,0,0,0,0,0,0,48,4,1,1,2,0,0,0,0,0,0,3,0,4,1,0,0,0,0,0,0,9,0,0,0,4,0,0,10,0,1,0,3,0,0,0,0,0,0,0,0,0,1,0,23,0,0,0,0,0,5,0,0,0,0,0,0,2,0,0,0,5,0,2,0,0,0,0,3,0,0,0,0,0,0,43,2,1,0,0,0,0,7,582
28180,0,1,0,1,29,11,5,0,0,0,2,0,23,258,0,0,0,0,7,0,0,2,0,0,16,0,0,0,0,0,0,0,13,0,1,0,0,0,0,13,0,0,7,0,1,1,2,0,24,0,0,16,8,0,13,0,0,9,0,5,1,0,0,0,20,2,0,0,0,0,0,0,2,7,13,0,0,596,7,0,4,5,0,0,0,0,1,0,8,6,0,0,0,1,0,0,3,0,3,1,2,0,0,0,4,0,0,9,0,10,0,0,0,0,0,0,0,92,0,0,0,4,0,0,6,0,12,0,10,0,0,0,0,0,0,0,0,0,13,1,15,0,0,0,0,0,10,8,0,8,0,0,0,9,0,0,0,2,0,7,0,0,1,0,0,0,0,0,1,0,0,0,797,2,0,0,0,0,3,2.174
28181,0,4,0,8,24,170,467,0,2,0,0,0,10,21,69,0,1,2,0,0,0,225,0,0,0,17,0,0,1,0,1,2,0,0,0,1,0,0,0,4,0,4,0,1,4,0,8,0,27,2,2,0,2,4,0,0,0,186,7,0,2,0,0,0,189,7,2,0,0,0,0,0,28,253,4,0,0,2.931,127,0,1,3,0,0,0,0,12,0,1,676,0,0,0,35,0,2,2,0,0,3,22,0,0,5,0,0,0,31,0,399,0,0,0,7,0,0,0,19,0,1,0,196,0,0,13,2,5,3,57,0,0,0,0,1,17,0,1,0,0,0,39,0,1,0,9,0,0,0,1,0,0,0,4,19,1,0,0,0,0,0,0,0,0,2,0,0,4,3,34,7,3,0,7,1.372,0,1,0,0,52,7.892
28182,0,0,0,0,0,3,0,0,0,0,0,0,0,1,0,0,0,0,0,1,0,0,1,0,0,0,9,0,0,0,0,0,0,0,0,0,0,0,0,0,0,0,0,0,1,0,0,0,3,0,0,0,0,0,0,0,0,0,0,0,0,1,1,0,0,0,0,0,0,1,0,0,0,0,0,0,0,37,0,0,0,0,0,0,0,0,0,0,0,0,0,0,0,0,0,0,0,0,0,0,0,0,0,0,0,0,0,0,0,0,0,0,0,0,1,0,0,0,0,0,0,0,0,1,0,0,0,0,0,0,0,0,0,0,0,0,0,0,0,0,0,0,0,0,0,0,0,0,0,0,0,0,0,0,0,0,0,0,0,0,0,0,0,0,0,0,0,0,0,0,0,0,0,0,7,0,1,0,2,71
28183,0,1,0,0,0,2,2,0,0,3,0,0,0,0,0,0,0,0,0,0,0,4,0,0,0,2,0,0,0,0,1,0,0,0,0,0,0,0,0,1,0,0,0,3,3,0,19,0,0,0,2,0,0,22,0,0,0,3,0,0,2,0,0,0,1,0,0,4,0,0,0,0,1,4,0,0,0,121,8,0,0,0,0,0,0,0,0,0,0,3,0,0,2,0,0,0,0,0,0,1,0,0,0,1,0,0,0,0,0,13,0,0,0,0,0,0,0,1,0,1,0,13,0,0,1,18,0,0,3,1,0,0,0,0,0,0,1,0,0,0,3,0,0,0,6,0,0,0,0,0,0,0,12,1,0,0,0,0,0,0,0,0,0,0,0,0,0,0,3,1,0,0,0,0,0,75,0,0,1,370
28901,0,0,0,0,4,12,0,0,1,0,0,0,0,1,0,0,0,0,0,1,6,0,0,0,0,0,8,0,1,3,0,1,0,3,0,1,0,0,1,2,2,0,0,0,7,0,1,0,5,0,0,0,0,0,0,0,0,0,2,0,0,1,0,0,1,0,0,0,0,1,0,0,0,1,0,1,0,113,0,0,0,0,2,4,0,3,0,0,0,1,0,0,0,0,0,0,0,0,0,1,1,0,3,0,0,0,0,0,0,1,0,1,0,0,0,0,0,1,0,0,1,1,0,8,0,0,0,0,13,0,0,0,1,0,0,1,1,0,0,0,2,0,0,2,0,4,0,0,0,0,1,0,0,0,0,0,0,0,0,0,0,2,1,1,0,0,0,0,0,0,0,0,0,0,0,0,72,1,5,315
28902,0,0,0,0,6,5,1,0,1,0,0,0,0,1,0,1,0,0,0,10,2,0,0,0,0,0,9,0,1,3,0,0,0,0,0,0,0,0,2,0,1,0,0,0,2,1,1,0,2,0,0,0,1,0,0,0,0,0,0,0,0,0,0,1,0,0,0,0,3,1,0,0,0,0,0,0,0,78,0,0,0,0,0,1,0,4,0,0,0,2,0,0,0,0,0,0,0,0,0,1,0,0,0,0,0,0,0,0,0,0,0,0,1,0,0,0,0,0,0,0,0,5,0,3,1,0,0,0,5,0,0,0,0,0,0,0,0,0,0,0,1,0,0,0,0,0,0,0,0,0,0,0,0,0,0,0,0,0,0,0,0,0,0,0,0,0,0,0,0,0,0,0,0,1,0,0,17,17,4,196
28903,0,16,0,1,90,1.471,77,0,41,1,0,0,4,33,6,0,0,1,0,0,2,56,4,0,0,3,5,0,1,0,0,3,1,0,0,0,1,1,0,12,5,1,0,21,644,1,15,0,49,0,0,0,4,3,2,0,0,34,17,0,4,0,1,3,111,5,3,0,0,1,0,11,5,48,4,0,0,7.951,100,3,5,11,2,2,0,0,1,3,1,27,1,0,0,6,0,0,0,0,1,11,6,3,3,0,0,0,0,12,2,261,0,2,0,0,0,0,0,31,0,0,0,257,1,30,52,4,7,1,377,0,0,0,0,0,1,0,25,1,0,0,109,0,0,1,33,0,1,0,0,0,1,0,2,12,3,0,12,2,0,2,0,7,0,0,0,0,0,0,12,1,1,0,2,18,1,0,0,6,5.043,17.292
45019,0,2,0,1,28,21,13,0,1,0,0,0,3,1,1,0,0,0,0,0,0,7,0,0,0,0,0,0,0,0,0,0,0,0,0,1,0,0,0,4,0,0,0,0,2,0,0,0,3,2,0,0,0,1,0,0,0,10,0,0,1,0,0,0,24,4,0,0,0,0,0,0,1,7,0,0,0,212,2,0,0,0,0,0,0,0,0,0,1,6,0,0,0,2,0,0,0,0,0,0,2,0,0,0,0,0,0,4,0,9,0,0,0,1,0,0,0,2,0,0,0,6,0,2,0,0,0,0,4,0,0,0,0,1,0,0,0,0,0,0,1,6,3,0,0,0,0,0,0,0,0,0,0,3,0,0,0,0,0,0,0,0,0,0,2,0,0,0,0,0,0,0,0,1,0,0,0,0,6,414
45021,0,0,0,1,17,9,3,0,1,0,0,0,15,6,1,0,0,0,0,0,0,1,0,0,0,0,0,0,0,0,0,0,0,0,0,1,0,0,0,6,0,0,0,1,1,0,1,0,3,0,0,0,0,0,0,0,0,16,0,0,0,0,0,0,17,4,0,1,0,0,0,0,5,7,0,0,0,76,0,0,0,0,0,0,0,0,1,0,1,1,1,0,0,0,0,0,0,0,0,0,6,0,0,0,0,0,0,4,0,3,0,0,0,0,0,0,0,3,0,0,0,0,0,1,1,0,2,0,0,0,0,0,0,2,0,0,0,0,0,0,3,6,1,0,0,0,0,0,0,0,0,0,0,10,0,0,0,0,0,0,0,0,0,0,0,0,0,0,0,0,0,0,0,1,0,0,0,0,0,240
45025,0,0,0,1,10,5,6,0,0,0,0,0,1,1,2,0,0,0,0,0,0,2,0,0,0,0,0,0,0,0,0,0,0,0,0,1,0,1,0,2,0,0,0,0,0,0,0,0,1,0,0,0,0,0,0,0,0,14,0,0,0,0,0,0,11,0,1,0,0,0,0,0,4,8,0,0,0,45,1,0,0,0,0,0,0,0,0,0,0,1,0,0,0,0,0,0,0,0,0,0,3,0,0,0,0,0,0,1,0,0,0,0,0,0,0,0,0,0,0,0,0,2,0,0,1,0,0,0,0,0,0,0,0,0,0,0,0,0,0,0,0,3,1,0,1,0,0,0,0,0,0,0,0,0,0,0,0,0,0,0,0,0,0,0,0,0,0,0,1,0,0,0,0,0,0,0,0,0,0,131
45031,0,0,0,7,16,14,25,0,1,1,0,0,0,2,4,0,0,0,0,0,0,2,0,0,0,1,0,0,0,0,0,0,0,0,0,0,0,0,0,2,0,0,0,1,0,0,2,0,3,0,0,0,0,0,0,0,0,12,0,0,0,0,0,0,8,1,0,1,0,0,0,0,8,4,0,0,0,131,5,0,0,0,0,0,0,0,1,2,0,18,0,0,0,7,0,0,0,0,0,0,1,0,0,0,0,0,0,0,0,5,0,0,0,0,0,0,0,1,0,0,0,3,0,0,2,0,0,1,0,0,0,0,0,0,0,0,0,0,0,0,3,3,0,0,0,0,0,0,0,0,0,0,0,4,0,0,0,0,0,0,0,0,0,0,0,0,0,0,1,0,0,0,0,3,0,0,0,0,5,311
45038,0,1,0,4,42,20,23,1,0,0,0,0,6,5,11,0,2,0,0,0,0,3,0,0,0,0,0,0,0,0,0,0,0,0,0,0,0,0,0,2,1,0,0,0,0,0,3,0,2,0,0,0,0,0,0,0,0,54,0,0,2,0,0,0,31,16,0,0,0,0,0,0,23,19,0,0,0,195,3,0,0,0,0,0,0,0,6,0,0,7,0,0,0,7,0,0,0,0,0,0,7,0,0,0,0,0,0,7,0,8,0,0,0,1,0,0,0,0,0,0,0,7,0,0,6,0,0,0,6,0,0,0,0,16,0,0,0,0,0,0,3,7,0,0,1,0,0,0,0,0,0,0,1,7,0,0,0,0,0,0,0,0,0,0,0,0,0,0,0,0,0,1,0,2,0,0,0,0,2,571
45041,0,1,0,12,32,22,38,1,0,0,0,0,7,11,21,0,0,0,0,0,1,4,0,1,0,0,0,0,0,0,0,1,0,0,0,3,0,0,0,4,0,0,0,1,1,0,4,0,5,1,0,0,2,1,0,0,0,17,0,0,0,0,0,0,7,4,1,1,0,0,0,0,12,20,0,0,0,228,1,0,1,0,0,0,0,0,3,1,0,34,0,0,0,19,0,0,0,0,0,0,1,0,0,0,0,0,0,3,0,14,0,0,0,1,0,0,0,1,0,0,0,9,0,0,1,1,0,0,0,0,0,0,0,0,1,0,0,0,0,0,0,0,0,0,0,0,0,0,0,0,0,0,0,3,0,0,0,0,0,0,0,0,0,0,0,0,0,0,3,0,0,0,0,8,0,0,1,0,4,574
45047,0,0,0,5,20,8,19,0,0,0,0,0,3,5,8,0,0,0,0,0,0,2,0,1,0,0,0,0,0,0,0,5,0,0,0,2,0,1,0,0,0,0,2,0,0,0,1,0,0,4,0,0,0,0,0,0,0,23,0,0,0,0,0,0,20,5,0,0,0,0,0,0,19,11,0,0,0,139,1,0,0,1,0,0,0,0,5,0,0,4,0,0,0,1,0,0,0,0,0,1,12,0,0,0,0,0,0,9,0,5,0,0,0,0,0,0,0,1,0,0,0,2,0,0,1,0,1,0,2,0,0,0,0,3,0,0,0,0,0,0,2,4,3,0,0,0,0,0,0,0,0,1,0,5,0,0,1,0,0,0,0,0,0,0,0,0,0,0,0,0,0,0,1,2,0,0,0,0,0,371
45050,0,0,0,0,8,5,0,0,3,0,0,0,11,0,1,0,0,0,0,0,0,0,0,0,0,0,0,0,0,0,0,0,0,0,0,0,0,0,0,0,0,0,0,0,1,0,0,0,0,0,0,0,0,0,0,0,0,1,0,0,0,0,0,0,5,0,0,0,0,0,0,0,0,0,0,0,0,25,1,0,0,0,0,0,0,0,0,0,0,3,0,0,0,1,0,0,0,0,0,0,1,0,0,0,0,0,0,2,0,0,0,0,0,0,0,1,0,0,0,0,0,0,0,0,0,0,1,0,0,0,0,0,0,0,0,0,0,0,0,0,0,0,0,0,0,0,0,0,0,0,0,0,0,1,0,0,0,0,0,0,0,0,0,0,0,0,0,0,0,0,0,0,0,0,0,0,0,0,0,71
45056,0,0,0,1,25,19,17,0,0,0,0,0,3,0,7,0,0,0,0,0,0,4,0,0,0,0,0,0,0,0,0,0,0,0,0,0,0,0,0,4,0,0,0,0,0,0,2,0,4,0,0,0,1,0,0,0,0,15,0,0,1,0,0,0,9,0,0,0,0,0,0,0,0,13,1,0,0,130,4,0,0,0,0,0,0,0,4,0,1,16,0,0,0,4,0,0,0,0,0,0,4,0,0,0,0,0,0,8,0,6,0,0,0,0,0,0,0,4,0,0,0,6,0,0,3,0,1,0,0,0,0,0,0,2,0,0,0,0,0,0,1,2,0,1,0,0,0,0,0,0,0,0,1,3,0,0,0,0,0,0,0,1,0,0,0,0,0,0,0,1,0,0,0,2,0,0,0,0,0,331
45064,0,2,0,1,44,31,16,0,0,0,0,0,27,3,3,0,2,0,0,0,0,1,0,1,0,0,0,0,0,0,0,0,0,0,0,1,0,0,0,6,1,0,1,1,2,0,5,0,4,0,0,0,0,0,0,0,0,23,0,0,0,0,0,0,42,7,0,0,0,0,0,0,7,15,0,0,0,190,2,0,0,2,0,0,0,0,0,0,1,4,0,0,0,1,0,0,0,0,0,0,6,0,0,0,0,0,0,6,0,10,0,0,0,2,0,3,0,0,0,0,0,4,0,1,2,0,1,0,2,0,0,0,0,1,0,0,0,0,0,0,2,16,2,0,0,1,0,0,0,0,0,0,0,8,0,0,0,0,0,0,0,0,0,0,0,0,0,0,1,0,0,0,0,3,0,0,0,0,5,522
45066,0,1,0,8,29,21,14,1,2,0,0,0,5,4,11,0,0,0,0,0,0,5,0,1,0,0,0,0,0,0,0,0,1,0,0,0,0,1,0,2,0,0,1,1,0,0,1,0,4,0,0,0,0,0,1,0,0,11,0,0,1,0,0,0,14,1,0,0,0,0,0,1,7,13,0,0,0,221,10,0,0,1,0,0,0,0,0,0,0,17,0,0,0,14,0,0,0,0,0,0,1,0,0,0,0,0,0,1,0,5,0,0,0,0,0,0,0,0,0,0,0,12,2,0,2,2,0,0,2,0,0,0,0,0,0,0,0,0,0,0,3,1,0,0,0,0,3,0,0,0,0,0,0,4,0,0,0,0,0,0,0,0,0,0,0,0,1,0,1,0,0,0,0,2,0,0,0,0,3,470
45081,1,12,0,17,207,116,83,0,3,3,0,0,29,11,10,2,4,0,0,0,1,17,0,2,0,0,0,1,1,0,0,0,0,0,0,13,2,0,0,22,2,0,3,10,4,2,19,0,23,25,0,1,0,0,1,0,0,165,0,0,2,0,0,0,204,41,2,1,0,0,0,0,27,84,1,0,0,1.144,14,0,0,4,0,1,0,0,5,0,1,39,2,0,0,8,0,0,0,0,0,1,114,0,2,0,0,0,0,54,0,36,0,0,0,6,0,0,0,22,0,0,0,30,1,1,7,1,6,0,22,0,0,0,0,9,0,0,1,0,0,0,8,51,5,0,0,0,1,0,0,0,0,0,0,37,0,0,1,1,0,1,0,0,0,0,2,0,0,0,2,0,1,0,1,13,0,0,0,0,9,2.838
45085,0,0,0,3,6,4,9,0,0,0,0,0,1,0,0,0,0,0,0,0,0,1,0,0,0,0,0,0,0,0,0,1,0,0,1,0,0,0,0,1,0,0,1,1,0,1,0,0,2,1,0,0,1,0,0,0,0,10,0,0,0,0,0,0,8,6,0,0,0,0,0,0,4,9,0,0,0,37,0,0,0,0,0,0,0,0,0,0,1,5,0,0,0,2,0,0,0,0,0,0,5,0,0,0,0,0,0,3,0,0,0,0,0,0,0,0,0,0,0,0,0,0,0,0,0,0,3,0,0,0,0,0,0,1,1,0,0,0,0,0,1,1,0,0,0,0,0,0,0,0,0,0,0,3,0,0,0,0,0,0,0,0,0,0,0,0,0,0,0,0,0,0,0,0,0,0,0,0,0,134
45088,0,0,0,0,6,7,11,0,0,0,0,0,4,2,0,0,1,0,0,0,1,0,0,0,0,0,0,0,0,0,0,0,0,0,0,2,1,0,0,1,0,0,0,2,3,0,0,0,0,0,0,0,0,0,0,0,0,8,0,0,0,0,0,0,12,2,0,0,0,0,0,0,4,8,0,0,0,94,1,0,2,0,0,0,0,0,0,0,0,0,0,0,0,3,0,0,0,0,0,0,6,0,0,0,0,0,0,3,0,1,0,0,0,0,0,0,0,3,0,0,0,1,0,0,0,0,2,0,1,0,0,0,0,0,0,0,0,0,0,0,3,3,0,0,0,0,0,0,0,0,0,0,0,1,0,0,0,0,0,2,0,0,0,0,0,0,0,0,0,0,0,0,0,0,0,0,0,0,0,201
45099,0,0,0,6,36,7,39,2,3,0,0,0,3,3,19,0,0,0,0,0,1,5,0,0,0,2,1,0,0,0,0,0,0,0,0,0,0,1,0,0,0,0,0,0,0,0,4,0,4,0,1,0,0,0,0,0,0,8,0,0,1,0,0,0,18,1,0,0,0,0,0,0,3,18,1,0,0,216,4,0,0,0,0,0,0,0,1,0,0,28,0,0,0,16,0,0,0,0,0,0,2,1,0,0,0,0,0,5,0,8,0,0,0,0,0,0,0,3,0,0,0,2,0,0,4,0,0,1,5,0,0,0,0,0,5,0,0,0,0,0,0,0,0,0,0,0,0,0,0,0,0,0,0,1,0,0,0,0,0,0,0,0,0,0,1,0,3,0,0,0,0,0,0,8,0,0,0,0,2,503
45102,0,1,0,0,6,5,1,0,0,0,0,0,1,1,1,0,0,0,0,0,0,2,0,0,0,3,0,0,0,0,0,0,0,0,0,1,0,0,0,0,0,0,0,1,3,0,1,0,0,0,0,0,0,0,0,0,0,4,0,0,0,0,0,0,4,2,0,0,0,0,0,0,0,2,0,0,0,63,0,0,0,0,0,0,0,0,0,0,0,1,0,0,0,0,0,0,0,0,0,0,3,0,0,0,0,0,0,1,0,1,0,0,0,1,0,0,0,0,0,0,0,0,0,0,0,0,4,0,2,0,0,0,0,1,0,0,0,0,0,0,0,0,1,0,1,0,0,0,0,0,0,0,0,0,0,0,0,0,0,0,0,0,0,0,0,0,0,0,0,0,0,0,0,0,0,0,0,0,1,119
45119,0,0,0,2,46,15,21,0,0,0,0,0,13,7,5,0,0,0,0,0,0,2,0,1,0,0,0,0,0,0,0,1,0,0,0,5,0,1,0,4,1,0,2,1,2,0,5,0,3,1,0,0,0,0,0,0,0,45,0,0,1,0,0,0,52,9,0,1,0,0,0,0,8,31,2,0,0,275,1,0,0,1,0,0,0,0,6,0,0,9,0,0,0,3,0,0,0,0,0,1,16,0,1,0,0,0,0,11,0,7,0,0,0,0,0,0,0,5,0,0,0,5,0,0,0,0,4,0,6,0,0,0,0,1,0,0,0,0,0,0,1,7,1,0,0,0,0,0,0,0,0,0,0,10,0,0,0,0,0,0,0,0,0,0,0,0,0,0,1,0,0,0,0,2,0,0,0,0,2,663
45121,0,3,0,4,71,43,17,0,1,0,0,0,90,3,1,0,0,0,0,0,2,1,0,0,0,0,0,0,0,1,0,0,0,0,0,0,1,1,0,18,0,0,2,0,2,0,1,0,4,0,0,0,0,0,0,0,0,19,0,0,2,0,0,0,33,4,0,0,0,0,0,1,3,6,1,0,0,349,3,0,2,1,0,0,0,0,1,0,0,7,0,0,0,3,0,0,0,0,0,1,7,0,0,0,0,0,0,6,0,16,0,0,0,0,0,0,0,6,0,0,0,7,0,0,4,1,1,0,5,0,0,0,0,0,0,0,0,0,0,0,7,1,1,0,0,1,0,0,0,0,0,0,0,22,0,0,0,0,0,1,0,0,1,2,0,0,0,0,0,0,0,0,3,1,0,0,0,0,3,798
45122,0,3,0,1,19,22,4,0,1,0,0,0,11,1,2,1,0,1,0,0,0,1,0,0,0,0,0,0,0,0,0,0,0,0,0,0,0,0,0,1,0,0,1,1,3,1,2,0,4,0,0,0,1,0,0,0,0,10,0,0,0,0,0,0,7,1,0,0,0,0,0,1,2,10,0,0,0,185,2,0,0,0,0,0,0,0,1,0,0,2,1,0,0,3,0,0,0,0,0,0,3,0,0,0,0,0,0,5,0,10,0,0,0,0,0,0,0,4,0,0,0,9,0,0,1,1,0,0,2,0,0,0,0,0,0,0,0,0,0,0,1,2,0,0,0,0,0,0,0,0,0,0,0,3,0,0,0,0,0,0,0,0,0,0,0,0,0,0,1,0,0,0,0,1,0,0,0,0,4,353
45123,0,1,0,3,48,29,12,0,1,1,0,0,175,3,2,0,0,1,0,0,1,2,0,0,0,0,0,0,0,0,0,0,1,0,0,0,0,0,0,18,0,0,3,0,0,0,4,0,2,0,0,0,1,0,0,0,0,5,0,0,0,0,0,0,15,0,0,0,0,0,0,0,2,5,0,0,0,197,1,0,0,1,0,0,0,0,0,0,0,1,0,0,0,0,0,0,0,0,1,1,1,0,0,0,0,0,0,8,0,2,0,0,0,0,0,0,0,0,0,0,0,4,0,0,3,0,4,0,5,0,0,0,0,0,0,0,0,0,0,0,1,1,0,0,1,0,0,0,0,0,0,0,0,18,0,0,0,0,0,0,0,0,0,0,0,0,0,0,1,0,0,0,0,2,0,0,0,0,5,593
45127,0,0,0,0,8,5,6,1,0,0,0,0,1,0,0,0,0,0,0,0,0,0,0,0,0,0,0,0,0,0,0,1,0,0,0,1,0,0,0,2,0,0,0,0,1,0,0,0,2,0,0,0,0,0,0,0,0,2,0,0,0,0,0,0,3,4,0,0,0,0,0,0,6,4,0,0,0,38,0,0,0,0,0,0,0,0,1,0,0,2,0,0,0,2,0,0,0,0,0,0,1,0,0,0,0,0,0,0,0,0,0,0,0,0,0,0,0,0,0,0,0,0,0,0,0,0,0,0,0,0,0,0,0,2,0,0,0,0,0,0,0,1,0,0,0,0,0,0,0,0,0,0,0,1,0,0,0,0,0,0,0,0,0,0,0,0,0,0,0,0,0,0,0,0,0,0,0,0,1,96
45128,0,0,0,4,18,7,11,0,0,1,0,0,8,3,8,1,0,0,0,0,0,2,0,0,0,0,0,0,0,0,0,3,0,0,0,0,0,0,0,3,0,0,0,1,0,0,1,0,1,1,0,0,1,0,0,0,0,20,0,0,1,0,0,0,26,5,0,2,0,0,0,0,4,13,0,0,0,90,2,0,1,0,0,0,0,0,2,0,0,4,0,0,0,2,0,0,0,0,0,0,10,0,0,0,0,0,0,1,0,3,0,0,0,0,0,0,0,2,0,0,0,1,0,0,1,0,2,0,1,1,0,0,0,0,2,0,0,0,0,0,2,3,0,0,0,0,0,0,0,0,0,0,0,4,0,0,0,0,0,0,0,0,0,0,0,0,0,0,0,0,0,0,0,1,0,0,0,0,3,283
45134,0,0,0,2,8,4,2,1,0,0,0,0,0,0,2,0,0,0,0,0,1,1,0,0,0,0,0,0,0,0,0,0,0,0,0,0,0,0,0,0,0,0,0,0,0,0,1,0,1,0,0,0,0,0,0,0,0,2,0,0,0,0,0,0,3,0,0,0,0,0,0,0,0,0,0,0,0,31,1,0,0,0,0,0,0,0,0,0,0,0,0,0,0,1,0,0,0,0,0,0,1,0,0,0,0,0,0,0,0,7,0,0,0,0,0,0,0,1,0,0,0,1,0,0,0,0,0,0,4,0,0,0,0,0,0,0,0,0,0,0,1,0,0,0,0,0,0,0,0,0,0,0,0,2,0,0,0,0,0,0,0,0,0,0,0,0,0,0,0,0,0,0,0,1,0,0,0,0,0,79
45157,0,0,0,4,16,8,9,1,0,0,0,0,0,1,5,0,0,0,0,0,0,2,0,1,1,1,0,0,0,0,0,0,0,0,0,2,0,0,0,2,0,0,0,0,1,0,2,0,2,0,1,0,0,1,0,0,0,6,0,0,0,0,0,0,8,0,0,0,0,0,0,1,3,6,0,0,0,111,3,0,0,0,0,0,0,0,0,0,0,8,0,0,0,9,0,0,0,0,0,0,0,0,0,0,0,0,0,2,0,2,0,0,0,0,0,0,0,2,0,0,0,4,0,0,2,0,0,0,0,0,0,0,0,1,0,0,0,0,0,0,1,0,0,0,0,0,0,0,0,0,0,0,0,0,0,0,0,0,0,0,0,0,0,0,0,0,1,0,0,0,0,0,0,1,0,0,0,0,3,234
45161,1,8,1,20,253,126,49,1,6,1,0,0,135,15,14,2,2,0,0,0,4,12,0,3,0,2,0,0,0,1,0,2,0,0,0,1,1,1,0,85,1,0,4,3,7,1,18,0,34,2,0,4,2,1,1,0,1,112,1,0,2,0,0,0,155,6,1,1,0,0,0,0,25,60,5,0,0,1.318,18,0,3,2,0,0,0,0,5,3,2,18,0,0,0,5,0,1,0,0,1,2,21,0,0,0,0,0,0,69,0,34,0,0,0,0,0,0,0,16,0,0,0,32,0,0,15,0,17,0,12,0,0,0,0,4,1,0,0,0,0,0,10,11,3,0,4,0,1,0,0,0,0,0,1,145,0,0,0,0,0,5,0,1,1,0,1,0,0,0,2,0,0,0,0,12,0,0,0,0,14,3.003
45168,1,13,0,17,246,199,49,5,8,3,0,0,66,13,14,0,4,0,1,0,1,14,0,2,0,1,1,0,0,0,0,1,0,0,0,1,0,6,0,5,0,2,0,7,8,2,17,0,25,11,0,0,3,1,1,1,0,48,0,0,3,0,0,0,100,9,1,0,0,0,0,1,10,44,2,0,0,1.710,17,0,1,1,1,1,1,0,0,0,0,26,0,0,0,13,0,0,0,0,0,1,18,0,0,1,0,0,0,22,0,67,0,0,0,0,0,0,0,13,0,0,0,59,1,1,7,0,3,0,27,0,0,0,0,2,0,0,1,1,0,0,26,2,4,0,1,0,3,0,0,0,0,0,0,13,1,0,1,0,0,1,1,0,0,0,0,0,0,0,6,0,0,0,0,5,0,1,0,0,27,3.054
45171,0,0,0,0,14,13,10,3,1,0,0,0,1,0,2,0,0,0,0,0,1,1,0,0,0,0,0,0,0,0,0,0,0,0,0,0,0,0,0,0,0,0,0,0,0,0,1,0,0,0,0,0,0,0,0,0,0,1,0,0,0,0,0,0,1,0,0,0,0,0,0,0,0,4,0,0,0,47,3,0,0,0,0,1,0,0,0,0,0,11,0,0,0,3,0,0,0,0,0,0,0,0,0,0,0,0,0,4,0,3,0,0,0,0,0,0,0,0,0,0,0,4,0,0,0,0,0,0,0,0,0,0,0,0,1,0,0,0,0,0,0,0,0,0,0,0,0,0,0,0,0,0,0,0,0,0,0,0,0,0,0,0,0,0,0,0,0,0,0,0,0,0,0,1,0,0,0,0,1,132
45176,0,0,0,6,50,27,38,0,1,1,0,0,7,1,4,0,0,0,0,0,1,6,0,2,0,0,0,0,0,0,0,1,0,0,0,4,0,0,0,7,0,0,0,2,2,0,11,0,6,6,0,0,2,0,0,0,0,73,0,0,0,0,0,0,41,17,0,0,0,0,0,0,40,38,0,0,0,309,1,0,1,0,0,1,0,0,1,1,0,16,0,0,0,4,0,0,0,0,0,0,18,0,0,0,0,0,0,14,0,5,0,0,0,1,0,0,0,0,0,0,0,10,1,0,4,0,1,0,2,0,0,0,0,10,1,0,0,0,0,0,1,8,3,0,0,0,0,0,0,0,0,0,0,3,0,0,0,0,0,1,0,0,0,0,0,0,0,0,0,1,0,0,0,2,0,0,0,0,2,816
45180,0,1,0,4,27,19,25,0,4,0,0,0,3,0,10,0,0,1,0,0,0,3,0,0,0,1,0,0,0,0,1,0,1,0,0,1,1,0,0,2,0,0,1,0,1,0,5,0,4,0,0,0,0,0,0,0,0,18,0,0,0,0,0,0,9,2,0,0,0,0,0,0,7,14,0,0,0,148,4,0,0,1,0,0,0,0,1,0,0,24,0,0,0,21,0,0,0,0,0,0,1,0,0,0,0,0,0,3,0,16,0,0,0,1,0,0,0,3,0,0,0,8,0,0,0,0,1,1,1,0,0,0,0,0,3,0,0,0,0,0,1,0,0,0,0,0,0,0,0,0,0,0,1,1,0,0,0,0,0,0,0,0,0,2,0,0,2,0,0,0,0,0,0,4,0,0,0,0,4,417
45183,0,0,0,1,19,23,37,0,1,0,0,0,2,2,8,0,0,0,0,0,0,3,0,0,0,3,0,0,0,0,0,0,0,0,0,1,0,0,0,1,2,0,1,0,2,0,1,0,4,0,0,0,0,0,0,0,0,10,0,0,0,0,0,0,5,0,0,0,0,0,0,0,5,13,0,0,0,137,2,0,0,0,0,0,0,0,2,0,0,30,0,0,0,13,0,0,0,0,0,0,1,0,0,0,0,0,0,3,0,9,0,0,0,0,0,0,0,2,0,0,0,4,0,0,0,0,0,0,0,0,0,0,0,0,2,0,0,0,0,0,2,1,0,0,0,0,0,0,0,0,0,0,0,2,0,0,0,0,0,0,0,0,0,0,0,0,1,0,2,0,0,0,0,2,0,0,0,0,1,360
45188,0,1,0,1,13,7,10,0,0,0,0,0,6,0,1,0,1,0,0,0,1,0,0,1,0,1,0,0,0,0,0,0,0,0,0,0,0,0,0,3,0,1,0,0,0,0,2,0,3,1,0,0,0,0,1,0,0,10,0,0,0,0,0,0,19,3,0,0,0,0,0,0,6,8,0,0,0,131,0,0,0,0,0,0,0,0,2,0,0,7,0,0,0,0,0,0,0,0,0,0,6,0,0,0,0,0,0,8,0,0,0,0,0,0,0,0,0,2,0,0,0,2,0,0,0,0,0,0,1,0,0,0,0,0,0,0,0,0,0,0,1,5,0,0,0,0,0,0,0,0,0,0,0,7,0,0,2,0,0,0,0,0,0,0,0,0,0,0,0,0,0,0,0,1,0,0,0,0,1,276
45199,0,3,0,8,26,20,15,0,0,0,0,2,3,6,6,0,0,0,0,0,0,1,0,0,0,0,0,0,0,0,0,2,1,0,0,0,0,0,0,10,0,0,0,0,0,1,5,0,3,1,0,0,0,0,0,0,0,45,0,0,1,0,0,0,20,12,0,0,0,0,0,0,22,26,1,0,0,157,3,0,0,1,0,0,0,0,13,3,1,5,0,0,0,1,0,0,0,0,0,1,5,0,1,0,0,0,0,8,0,4,0,0,0,0,0,0,0,3,0,0,0,3,0,0,2,0,3,0,3,0,0,0,0,8,1,0,0,0,0,0,1,5,1,0,0,0,0,0,0,0,0,0,0,8,0,0,0,0,0,0,0,0,0,0,0,0,0,0,0,1,0,0,0,0,0,0,0,0,1,483
45201,0,2,0,4,47,23,15,0,1,0,0,0,5,9,6,0,2,0,0,0,0,3,0,1,0,1,0,0,0,0,0,0,0,0,0,0,0,0,0,5,0,0,0,0,0,0,2,0,7,1,0,0,0,0,0,0,0,42,0,0,0,0,0,0,40,5,0,1,0,0,0,0,10,24,0,0,0,217,4,0,0,1,0,0,0,0,1,0,1,8,1,0,0,2,0,0,0,0,0,0,20,0,0,0,0,0,0,11,0,6,0,0,0,1,0,0,0,1,0,0,0,11,0,0,3,0,3,0,1,0,0,0,0,1,0,0,0,0,0,0,6,8,0,0,0,0,0,0,0,0,0,0,0,7,0,0,0,1,0,0,0,0,1,0,0,0,0,0,0,1,0,0,0,3,0,0,0,0,1,577
45203,0,0,0,1,20,19,3,0,1,0,0,0,3,1,1,0,0,0,0,0,1,1,0,0,0,0,0,1,0,0,0,0,0,0,0,1,0,0,0,6,0,0,0,0,1,0,0,0,2,3,0,0,0,0,0,0,0,12,0,0,0,0,0,0,23,2,0,0,0,0,0,0,3,6,0,0,0,121,1,0,1,2,0,0,0,0,2,0,0,5,0,0,0,1,0,0,0,0,0,0,8,0,0,0,0,0,0,5,0,5,0,0,0,0,0,0,0,3,0,0,0,1,0,0,0,0,1,0,1,0,0,0,0,1,0,0,0,0,0,0,2,6,1,0,0,0,0,0,0,0,0,0,0,3,0,0,0,0,0,1,0,0,0,0,0,0,0,0,0,0,0,0,0,0,0,0,0,0,1,283
45205,0,1,0,4,73,38,25,0,1,0,0,0,21,5,8,0,2,0,0,0,0,9,0,0,0,0,1,0,0,0,0,1,0,0,0,2,0,2,0,21,0,0,0,1,2,0,4,0,10,6,0,0,0,0,0,0,0,84,0,0,1,0,0,0,59,20,0,0,0,0,0,0,25,53,0,0,0,435,9,0,2,5,0,0,0,0,2,0,0,17,0,0,0,2,0,0,0,0,0,0,27,0,0,0,0,0,0,21,0,14,0,0,0,1,0,1,0,6,0,0,0,9,1,2,5,0,9,1,11,0,0,0,0,2,0,0,0,0,0,0,5,23,1,0,2,1,3,0,0,0,0,0,0,17,0,0,0,0,0,1,0,0,0,1,1,0,0,0,0,1,0,0,1,6,0,0,0,0,6,1.130
Total general,34,3.844,29,1.337,54.368,79.017,40.481,351,6.049,1.773,65,139,13.077,20.164,5.827,22,123,597,192,58,147,14.041,798,237,166,1.405,427,284,100,351,356,1.788,1.154,71,170,510,161,1.315,16,8.304,1.159,483,800,1.507,10.196,917,11.315,57,24.781,818,221,888,3.229,2.368,371,95,176,39.236,1.358,150,3.619,75,89,45,57.443,3.839,659,2.325,18,40,25,1.068,7.759,48.186,3.027,71,25,1.420.130,25.026,669,4.055,4.533,670,848,441,127,1.485,1.708,1.071,31.945,465,101,187,5.280,27,328,554,90,178,4.191,12.424,123,558,298,293,76,25,14.416,37,55.702,69,30,12,248,292,86,77,16.986,24,438,5,41.911,379,3.116,14.684,3.451,3.392,1.165,32.836,102,35,188,10,634,1.085,19,1.658,468,384,116,31.011,2.116,512,688,5.134,293,2.186,52,159,85,80,61,1.369,13.406,729,56,432,444,18,2.203,93,303,341,732,1.517,69,291,167,4.319,2.187,265,109,1.569,6.825,37,264,342,100,28.915,2.309.226