location_id,municipality_name,Cluster,afiliados-ss,afiliados-ss_PCP,autonomos,autonomos_PCP,empresas,empresas_PCP,personas-paradas,personas-paradas_PCP,poblacion,renta-bruta-media,renta-disponible-media,viviendas-familiares,viviendas-familiares_PCP,viviendas-principales,viviendas-principales_PCP,stillworkers,total_workers,municipality_lat,municipality_lon,movingworkers,pob_psactiva,tasa_movilidad
28006,Alcobendas,0,109424,96.5449091229928,6769,5.97229574730898,9710,8.56714310922887,5027,4.43532733368625,113340,47052,35002,41180,36.3331568731251,39101,34.4988530086465,13949,42012,40.5372512,-3.6372245,28063,47039,0.6679758164334
28115,Pozuelo de Alarcón,0,76433,89.932814834861,7782,9.15647907376249,10154,11.9474284907459,2405,2.82977797126687,84989,61643,44415,29840,35.1104260551365,26769,31.4970172610573,6278,26615,40.4440049,-3.8056526,20337,29020,0.7641179785835055
28065,Getafe,3,67557,38.2414708562824,8346,4.72435596261725,8169,4.62416293537267,10704,6.05913086794333,176659,25826,21126,68984,39.0492417595481,62509,35.3839883617591,17366,61888,40.3082504,-3.7323934,44522,72592,0.7193963288521199
28127,"Rozas de Madrid, Las",0,64154,67.908670385621,7205,7.62667908670386,10409,11.0181960601666,3125,3.30789342761271,94471,46843,35058,35388,37.4591144372347,29873,31.6213441161838,7819,33117,40.3092383,-4.4922092,25298,36242,0.7638976960473473
28005,Alcalá de Henares,3,56240,28.7074989663463,8070,4.11930150530609,8727,4.45466471335889,13013,6.64243748309147,195907,25958,21234,78917,40.2828893301413,71864,36.6827116948348,25793,63876,40.4819791,-3.3635421,38083,76889,0.5962020164067882
28074,Leganés,3,51932,27.7454547397328,8486,4.53377356776886,9200,4.91523884320922,11934,6.37591960378901,187173,23661,19625,75514,40.344494131098,70949,37.9055739877012,13874,63720,40.3319506,-3.7686545,49846,75654,0.7822661644695543
28007,Alcorcón,3,45991,27.4812672538451,7834,4.68109516354554,8744,5.22485270743454,9873,5.89947058331441,167354,25700,21042,70857,42.3395915245527,66066,39.4767976863415,12621,58545,40.3468454,-3.8278443,45924,68418,0.7844222393031002
28058,Fuenlabrada,3,45291,23.3253163448713,9708,4.99971674451901,10248,5.27782212585814,13949,7.18387400796205,194171,21340,17878,70835,36.480730902143,66655,34.3279892465919,13848,72826,40.2902056,-3.8035477,58978,86775,0.8098481311619476
28134,San Sebastián de los Reyes,0,42115,48.853908080644,5033,5.83834071874348,6545,7.59227895970118,4192,4.86277057281396,86206,31520,24786,32465,37.6597916618333,29710,34.4639584251676,7702,33926,40.5589672,-3.6261976,26224,38118,0.7729764782172964
28092,Móstoles,3,40674,19.7817269252094,9522,4.6310076162129,9280,4.51331135039443,13768,6.6960420983007,205614,22808,18976,79592,38.709426400926,74951,36.4522843775229,13572,72692,40.3232129,-3.8676291,59120,86460,0.8132944478071865
28903,Tres Cantos,0,35323,78.9093914752927,2333,5.21177732106157,3206,7.16200518273613,1670,3.73067643642212,44764,40004,30556,14458,32.2982753998749,13306,29.7247788401394,5043,17292,40.600727,-3.7079745,12249,18962,0.7083622484385843
28148,Torrejón de Ardoz,3,31791,25.0360290122144,6075,4.78418031044014,5729,4.51169860057804,8886,6.99789732322158,126981,23510,19473,49209,38.7530417936542,44581,35.1084020444003,11800,46657,40.4567552,-3.4754967,34857,55543,0.7470904687399533
28080,Majadahonda,0,30841,43.5884389795774,5151,7.28005087979648,6292,8.89265776270228,2304,3.2563069747721,70755,48493,36173,24645,34.8314606741573,23069,32.6040562504417,5236,23629,40.4737586,-3.8683123,18393,25933,0.778407888611452
28022,Boadilla del Monte,0,29031,58.3396969575178,4527,9.09730316305615,4875,9.79663196816848,1466,2.94602306981231,49762,49598,36749,16380,32.9166834130461,14504,29.1467384751417,2588,16023,40.4122794,-3.8887699,13435,17489,0.8384821818635712
28049,Coslada,3,27039,31.9863248672116,4232,5.0063288893095,4685,5.54221428317935,4798,5.67588988915571,84533,24653,20269,31567,37.3428128659813,30490,36.0687542143305,6048,33004,40.4260459,-3.5651646,26956,37802,0.8167494849109199
28123,Rivas-Vaciamadrid,0,22820,27.588708214955,5747,6.94795381732455,5127,6.19839206915312,4176,5.04866106510306,82715,30744,24449,25374,30.6764190291966,24663,29.8168409599226,5658,31215,40.3519065,-3.5357334,25557,35391,0.8187409899086977
28014,Arganda del Rey,3,22063,40.664626953701,3072,5.6620465939251,3670,6.76422884104984,4392,8.09495723975228,54256,22952,19057,20458,37.7064287820702,18925,34.8809348274845,7385,18488,40.3064463,-3.4479063,11103,22880,0.6005517092167892
28130,San Fernando de Henares,3,21403,53.3807207881282,2226,5.55181444070333,2589,6.45716423494201,2486,6.2002743484225,40095,23936,19724,15304,38.1693477989774,14596,36.4035415887268,1808,16171,40.4256038,-3.5318722,14363,18657,0.8881949168264177
28161,Valdemoro,3,20640,28.2786211432016,3732,5.11316928810215,3874,5.30772181728503,4648,6.36817011015509,72988,25956,21255,27598,37.8116950731627,24839,34.0316216364334,5976,25410,40.1912403,-3.6740182,19434,30058,0.7648170011806376
28113,Pinto,3,17762,35.8668874439643,2569,5.18759339283551,2895,5.84588667662857,3237,6.53648883324583,49522,25317,20744,19695,39.7702031420379,17401,35.1379185008683,4241,18023,40.2375052,-3.6967718,13782,21260,0.7646895633357377
28106,Parla,3,16386,13.1444477422771,5352,4.29324327576387,4241,3.40202629531289,10256,8.22711192754751,124661,21033,17761,47093,37.7768508194223,43712,35.0646954540714,6034,42971,40.232367000000004,-3.768906,36937,53227,0.8595797165530241
28013,Aranjuez,3,13861,23.9263274183525,2682,4.62956569771456,2730,4.71242145964234,4276,7.3810674583995,57932,25661,21032,24792,42.795001035697,20040,34.5922806048471,7323,15597,40.0305018,-3.6040527,8274,19873,0.530486632044624
28047,Collado Villalba,3,13462,21.854960468854,3197,5.19018783382308,3693,5.99542185496047,4177,6.78117440784454,61597,26194,21288,27741,45.0362842346218,22055,35.8053151939218,5117,22470,40.6308775,-4.0055605,17353,26647,0.7722741433021807
28045,Colmenar Viejo,3,11782,24.5356101624323,2708,5.6393169512703,2747,5.72053311120367,2692,5.60599750104123,48020,30388,24195,18927,39.4148271553519,15873,33.054977092878,5057,17370,40.6626481,-3.7710457,12313,20062,0.7088658606793322
28167,Velilla de San Antonio,0,11608,94.9762722958599,786,6.43102601865488,821,6.71739486172476,754,6.16920307641957,12222,24905,20345,4372,35.7715594828997,4127,33.7669775814106,684,4540,40.3699557,-3.4864498,3856,5294,0.8493392070484581
28096,Navalcarnero,0,11159,41.4001632410774,1704,6.32188172441938,1567,5.81360836981524,1950,7.23454774801514,26954,24552,20245,12065,44.7614454255398,8846,32.8188766045856,1868,8816,40.285599,-4.0166526,6948,10766,0.7881125226860254
28181,Villaviciosa de Odón,0,10612,38.905997946913,2860,10.4854084176565,3222,11.8125824901012,945,3.46458424989001,27276,39624,30563,11751,43.0818301803784,9166,33.6046341105734,1372,7892,40.3626807,-3.9139109,6520,8837,0.8261530663963508
28073,Humanes de Madrid,0,9896,50.5852885549251,1155,5.90400245361141,2048,10.4687420129837,1464,7.48351479834381,19563,21031,17753,7075,36.1652098348924,6430,32.8681695036549,1018,6875,40.2639589,-3.8171953,5857,8339,0.8519272727272728
28009,Algete,0,8069,39.7272413962877,1468,7.22761065432524,1761,8.67017872089016,994,4.89389985722023,20311,36747,28439,7951,39.1462754172616,6570,32.3470040864556,1260,7220,40.5964617,-3.5016452,5960,8214,0.8254847645429363
28015,Arroyomolinos,0,8014,28.4416367959683,2255,8.0029811548426,1846,6.55144266600419,1419,5.03602228768144,28177,28910,23223,10043,35.6425453383966,7813,27.72828903006,1160,10315,40.2783308,-3.9215541,9155,11734,0.887542413960252
28176,Villanueva de la Cañada,0,6446,32.8693080414053,1803,9.193819795013,1828,9.3212992708174,691,3.52353271123349,19611,44705,33691,8385,42.7566161847942,5718,29.1571057059813,1200,5890,40.4481075,-3.9975566,4690,6581,0.7962648556876061
28152,Torrelodones,0,6427,27.7948363101674,1956,8.4591099770791,2180,9.42784240799204,730,3.15702979717165,23123,45691,34248,8253,35.6917355014488,6962,30.1085499286425,1045,7109,40.5766078,-3.9293646,6064,7839,0.8530032353354903
28040,Ciempozuelos,3,6331,26.6310520338199,1084,4.55979472510832,1077,4.53034955621924,1566,6.58730492575611,23773,22005,18394,9767,41.0844235056577,8043,33.8324990535481,1936,7620,40.157955,-3.6192473,5684,9186,0.7459317585301837
28084,Mejorada del Campo,0,5937,25.9257641921397,1389,6.06550218340611,1504,6.56768558951965,1592,6.95196506550218,22900,21957,18388,8502,37.1266375545852,7594,33.1615720524017,1471,8259,40.396654,-3.4877129,6788,9851,0.8218912701295557
28104,Paracuellos de Jarama,0,5908,25.5713296398892,1475,6.38417590027701,1537,6.65252770083103,822,3.55782548476454,23104,37245,28974,7244,31.3538781163435,6976,30.1939058171745,1035,8846,40.5056034,-3.5302108,7811,9668,0.8829979651820031
28066,Griñón,0,5648,56.8323606359428,1067,10.7365667136245,1016,10.2233849869189,455,4.57838599315758,9938,28365,22799,3879,39.0319983900181,3185,32.048701952103,527,2860,40.2146067,-3.856943,2333,3315,0.8157342657342658
28061,Galapagar,0,5635,17.3898284162449,2428,7.49290211085051,2326,7.17812615726454,1784,5.50549314899395,32404,32007,25221,15187,46.8676706579435,11187,34.5235156153561,1440,10972,40.5768377,-4.0058027,9532,12756,0.8687568355814801
28083,Meco,3,5385,40.1087442276181,725,5.39997020706093,778,5.794726649784,855,6.36824072694771,13426,26285,21345,5222,38.8946819603754,4370,32.5487859377328,762,4438,40.5539468,-3.3263003,3676,5293,0.8283010365029293
28149,Torrejón de la Calzada,0,4979,60.9350140741647,742,9.08089585118101,662,8.1018235222127,455,5.56847387100722,8171,28127,22725,2786,34.0961938563211,2501,30.6082486843716,424,2671,40.1969481,-3.7981283,2247,3126,0.8412579558217896
28132,San Martín de la Vega,3,4494,23.9884701612042,1113,5.94106971282161,1116,5.95708337781574,1397,7.45702999893242,18734,22123,18511,7553,40.3170705668837,6736,35.9560158001495,1137,6176,40.2103049,-3.5787384,5039,7573,0.8159002590673575
28131,San Lorenzo de El Escorial,0,4463,24.7422108881251,1202,6.66370994567025,1278,7.08504268765939,890,4.93402816276749,18038,30038,23987,10030,55.6048342388291,7110,39.4167867834571,1535,5571,40.5932386,-4.1475748,4036,6461,0.7244659845629151
28002,Ajalvir,0,3995,89.9774774774775,278,6.26126126126126,597,13.4459459459459,192,4.32432432432432,4440,26525,21494,1564,35.2252252252252,1533,34.527027027027,417,1686,40.5302674,-3.4839237,1269,1878,0.7526690391459074
28129,San Agustín del Guadalix,0,3950,30.7106204322811,986,7.66599284714663,938,7.2928004975898,592,4.60270564453429,12862,39913,30395,4657,36.2074327476287,4186,32.5454828176022,860,4499,40.6809652,-3.6154482,3639,5091,0.808846410313403
28075,Loeches,0,3922,46.757272293753,601,7.16499761564139,668,7.96375774916547,564,6.7238912732475,8388,23749,19638,3563,42.4773485932284,2827,33.7029089175012,507,3025,40.3834821,-3.4170301,2518,3589,0.832396694214876
28068,Guadarrama,2,3511,22.6691632231405,1011,6.52763429752066,1032,6.66322314049587,768,4.95867768595041,15488,27314,22118,9539,61.589617768595,5967,38.5266012396694,1157,5153,40.6731798,-4.0875528,3996,5921,0.7754705996506889
28177,Villanueva del Pardillo,0,3393,20.0176991150442,1201,7.08554572271386,1196,7.05604719764012,673,3.97050147492625,16950,35298,27451,5894,34.7728613569322,5387,31.7817109144543,850,6231,40.4932122,-3.964887,5381,6904,0.8635852993099021
28053,Daganzo de Arriba,0,3180,31.8605350165314,623,6.24185953311291,691,6.92315399258591,491,4.9193467588418,9981,29772,23746,3691,36.9802624987476,3215,32.2112012824366,524,3674,40.5450298,-3.4574079,3150,4165,0.8573761567773543
28154,Torres de la Alameda,0,2850,36.6842579482559,548,7.05367486162955,560,7.20813489509589,610,7.85171836787231,7769,22749,18957,2940,37.8427081992534,2587,33.2990088814519,525,2380,40.4054714,-3.3615643,1855,2990,0.7794117647058824
28010,Alpedrete,0,2775,19.248109870292,1012,7.01949087882361,1095,7.59520011098009,668,4.63341888048831,14417,31015,24632,7249,50.2809183602691,4910,34.0570160227509,578,4859,40.6621635,-4.031169,4281,5527,0.8810454826095905
28172,Villalbilla,0,2598,20.4261341300417,1079,8.48337133422439,875,6.87947165657677,642,5.0475666325969,12719,30278,24142,5680,44.6575988678355,3740,29.4048274235396,421,4097,40.4329592,-3.3005573,3676,4739,0.8972418843055895
28054,"Escorial, El",2,2575,16.7599583441812,1116,7.2637334027597,1018,6.62587867742775,776,5.05076802915907,15364,29735,23728,9836,64.0197865139287,5593,36.4032803957303,936,4997,40.4241189,-3.7037734,4061,5773,0.8126876125675405
28160,Valdemorillo,2,2527,20.767587113741,1024,8.4155161078238,1039,8.5387902695595,679,5.5802103879027,12168,33196,26205,7054,57.9717291255753,4412,36.259040105194,676,3809,40.4882928,-4.0337846,3133,4488,0.8225255972696246
28026,Brunete,0,2519,24.2818584923848,788,7.59591285907075,744,7.17177559282822,510,4.91613649508386,10374,29486,23644,4086,39.3869288606131,3402,32.7935222672065,517,3517,40.4043103,-3.9993244,3E+03,4027,0.8529997156667615
28090,Moralzarzal,0,2303,18.6146136437116,783,6.32880698351115,780,6.30455868089234,582,4.70417070805044,12372,33015,26097,6045,48.8603297769156,4263,34.4568380213385,703,4249,40.6763507,-3.9704867,3546,4831,0.8345493057189927
28032,Camarma de Esteruelas,0,2264,32.113475177305,505,7.16312056737589,550,7.80141843971631,454,6.43971631205674,7050,25528,20921,2903,41.177304964539,2424,34.3829787234043,297,2174,40.5474107,-3.3766851,1877,2628,0.8633854645814167
28144,Soto del Real,1,2260,26.6415183307792,670,7.89814923965578,567,6.6839561475893,367,4.32629965813981,8483,33973,26539,5214,61.4641046799481,2316,27.3016621478251,582,2667,40.7528628,-3.7816093,2085,3034,0.78177727784027
28180,Villarejo de Salvanés,2,2215,30.488644184446,469,6.45560908465244,376,5.17549896765313,561,7.72195457673778,7265,20270,17190,3740,51.4796971782519,2615,35.9944941500344,797,2174,40.1681485,-3.275967,1377,2735,0.6333946642134315
28072,Hoyo de Manzanares,1,2153,27.0307595731325,618,7.75894538606403,561,7.04331450094162,344,4.31889516635279,7965,35480,27707,5003,62.812303829253,2695,33.8355304456999,434,2456,40.6226405,-3.9082735,2022,2800,0.8232899022801303
28089,Moraleja de Enmedio,0,2138,42.8972712680578,514,10.3130016051364,533,10.6942215088283,288,5.7784911717496,4984,23587,19576,1779,35.6942215088282,1623,32.5642054574639,255,1580,40.2596189,-3.8606776,1325,1868,0.8386075949367089
28059,Fuente el Saz de Jarama,0,1886,29.4549429954709,475,7.41839762611276,554,8.65219428392941,392,6.12213025144464,6403,26561,21489,2858,44.6353271903795,2198,34.327658909886,370,2157,40.6352139,-3.5107894,1787,2549,0.828465461288827
28141,Sevilla la Nueva,0,1729,19.4160583941606,741,8.32116788321168,643,7.2206625491297,529,5.94048287478944,8905,26190,21296,4022,45.1656372824256,3033,34.0595171252106,380,2966,40.3473337,-4.0274014,2586,3495,0.8718813216453135
28038,Cercedilla,1,1712,25.3592060435491,500,7.40631017627018,484,7.16930825062954,376,5.56954525255518,6751,26191,21224,5038,74.6259813360984,2713,40.186639016442,642,2195,40.7406497,-4.0568488,1553,2571,0.7075170842824602
28004,"Álamo, El",0,1694,18.7867361650216,639,7.08661417322835,615,6.82045026061883,685,7.59676167239658,9017,21910,18354,4087,45.3254962847954,2916,32.3389153820561,453,2440,40.2312091,-3.9942211,1987,3125,0.8143442622950819
28171,Villa del Prado,2,1652,26.2430500397141,447,7.10087370929309,291,4.62271644162033,467,7.41858617950755,6295,19782,16834,4596,73.010325655282,2214,35.1707704527403,492,1835,40.2774375,-4.3048305,1343,2302,0.7318801089918257
28133,San Martín de Valdeiglesias,2,1579,18.9237775647172,484,5.80057526366251,501,6.00431447746884,730,8.74880153403643,8344,20851,17501,5865,70.2900287631831,2908,34.8513902205177,796,2002,40.3635617,-4.4035034,1206,2732,0.6023976023976024
28033,Campo Real,1,1544,26.2228260869565,472,8.01630434782609,460,7.8125,457,7.76154891304348,5888,23221,19114,2844,48.3016304347826,2087,35.444972826087,367,1927,40.3390034,-3.3833163,1560,2384,0.809548521017125
28041,Cobeña,0,1542,22.0002853474105,495,7.06234840918819,434,6.19203880724782,273,3.89499215294621,7009,38100,29465,2764,39.4350121272649,2217,31.6307604508489,339,2632,40.5683393,-3.5040753,2293,2905,0.8712006079027356
28044,Colmenarejo,0,1506,16.836221352711,554,6.19340413638904,546,6.10396869759642,514,5.74622694242594,8945,29084,23372,3749,41.9116825041923,3054,34.1419787590833,317,2956,40.5609399,-4.0167486,2639,3470,0.8927604871447903
28023,"Boalo, El",2,1491,20.636678200692,604,8.3598615916955,504,6.9757785467128,411,5.68858131487889,7225,30023,23854,4283,59.280276816609,2678,37.0657439446367,312,2405,40.3659918,-3.6161069,2093,2816,0.8702702702702703
28052,Chinchón,1,1388,26.2183604080091,407,7.68794862108047,367,6.93237627502833,364,6.87570834907442,5294,20156,16866,3045,57.5179448432187,1969,37.1930487344163,495,1416,40.1402665,-3.4221687,921,1780,0.6504237288135594
28043,Colmenar de Oreja,2,1313,16.5240372514473,595,7.48804429901837,507,6.38056883966776,649,8.1676315127108,7946,18770,16203,4925,61.9808708784294,2979,37.4905612886987,437,2061,40.1098823,-3.39055,1624,2710,0.7879670063076176
28086,"Molar, El",2,1298,15.7085804187341,519,6.28101173907782,485,5.86953890838678,514,6.22050102868208,8263,23736,19491,3491,42.2485779983057,2991,36.1975069587317,431,2845,40.452722,-3.70687,2414,3359,0.8485061511423551
28082,Manzanares el Real,2,1261,15.035173482771,606,7.22546798616907,491,5.85429831882676,500,5.96160724931442,8387,29740,23659,5533,65.9711458209133,3007,35.8531059973769,388,2731,40.7262858,-3.8646893,2343,3231,0.8579274990845844
28050,Cubas de la Sagra,0,1249,20.9177692178865,507,8.49104002679618,368,6.16312175514989,276,4.62234131636242,5971,25183,20708,2220,37.1797018924803,1713,28.6886618656841,140,1780,40.191512,-3.8372233,1640,2056,0.9213483146067416
28046,Collado Mediano,2,1235,18.7604435667629,556,8.44599726568434,522,7.9295154185022,427,6.48640437490506,6583,31384,24728,4255,64.6361841105879,2391,36.3208263709555,302,2049,40.6951303,-4.0299546,1747,2476,0.8526110297706199
28100,Nuevo Baztán,2,1181,19.6244599534729,549,9.12263210368893,474,7.87637088733799,386,6.41409106015287,6018,28980,23189,3941,65.4868727151878,2067,34.3469591226321,208,1690,40.3664953,-3.2435923,1482,2076,0.8769230769230769
28091,Morata de Tajuña,2,1123,14.8781134075252,459,6.08108108108108,327,4.33227344992051,603,7.98887122416534,7548,20730,17475,3394,44.9655537890832,2673,35.4133545310016,500,2195,40.2299024,-3.4372149,1695,2798,0.7722095671981777
28140,Serranillos del Valle,0,1066,26.7167919799499,413,10.3508771929825,335,8.39598997493734,258,6.46616541353383,3990,25003,20571,1566,39.2481203007519,1163,29.1478696741855,100,1233,40.2056183,-3.8833494,1133,1491,0.9188969991889699
28085,Miraflores de la Sierra,1,1048,18.2134167535627,441,7.66423357664234,427,7.42092457420925,419,7.28189085853319,5754,27366,21942,4816,83.698296836983,2280,39.6246089676747,378,1737,40.8140407,-3.7663657,1359,2156,0.7823834196891192
28018,Becerril de la Sierra,2,996,18.3121897407612,472,8.67806582092296,459,8.43905129619415,326,5.99374885089171,5439,30594,24283,4128,75.896304467733,1977,36.3485934914506,282,1601,40.7102483,-3.9954969,1319,1927,0.8238600874453467
28162,Valdeolmos-Alalpardo,1,972,25.0515463917526,330,8.50515463917526,292,7.52577319587629,166,4.27835051546392,3880,33094,26137,1870,48.1958762886598,1254,32.319587628866,156,1260,40.641084,-3.453025,1104,1426,0.8761904761904762
28108,Pedrezuela,2,953,17.467008797654,358,6.56158357771261,347,6.3599706744868,331,6.06671554252199,5456,28367,22786,3039,55.700146627566,1959,35.9054252199413,231,1924,40.744654,-3.6027866,1693,2255,0.8799376299376299
28125,Robledo de Chavela,2,872,21.7945513621595,239,5.97350662334416,251,6.27343164208948,265,6.62334416395901,4001,25029,20517,3423,85.5536115971007,1459,36.4658835291177,264,1067,40.505008,-4.2345159,803,1332,0.7525773195876289
28150,Torrejón de Velasco,0,868,20.4572236625029,308,7.25901484798492,291,6.85835493754419,260,6.12773980674051,4243,23646,19642,1769,41.6921989158614,1417,33.3961819467358,132,1280,40.1874784,-3.7752572,1148,1540,0.896875
28164,Valdetorres de Jarama,2,849,19.9295774647887,338,7.93427230046948,292,6.85446009389671,293,6.87793427230047,4260,25925,21148,2239,52.5586854460094,1455,34.1549295774648,171,1304,40.6955184,-3.5129811,1133,1597,0.8688650306748467
28055,Estremera,4,815,61.7892342683851,94,7.12661106899166,67,5.07960576194086,85,6.44427596664139,1319,16589,14447,957,72.5549658832449,492,37.3009855951478,104,346,40.1836518,-3.107101,242,431,0.6994219653179191
28067,Guadalix de la Sierra,2,813,13.5907723169509,435,7.27181544633902,337,5.63356736877299,458,7.65630224005349,5982,25799,20865,3533,59.0605148779672,2101,35.1220327649616,296,1826,40.7860007,-3.6952896,1530,2284,0.8378970427163198
28036,Casarrubuelos,0,802,22.3460573976038,240,6.68709947060463,244,6.79855112844804,236,6.57564781276121,3589,22596,18900,1240,34.5500139314572,1076,29.9804959598774,143,1165,40.1709362,-3.8318182,1022,1401,0.8772532188841202
28087,"Molinos, Los",2,727,16.6247427395381,333,7.61490967299337,311,7.11182254745026,262,5.99131031328607,4373,30039,23827,2871,65.6528698833753,1642,37.5485936428081,229,1343,40.4579662,-3.7032858,1114,1605,0.8294862248696947
28165,Valdilecha,4,652,23.7177155329211,157,5.71116769734449,137,4.98363041105857,233,8.47580938523099,2749,19868,16876,1626,59.1487813750455,1023,37.2135321935249,181,836,40.2937839,-3.3023856,655,1069,0.7834928229665071
28093,Navacerrada,1,650,22.5303292894281,238,8.24956672443674,225,7.79896013864818,112,3.88214904679376,2885,31882,25085,2297,79.6187175043327,1105,38.3015597920277,238,941,40.7285661,-4.0146372,703,1053,0.7470775770456961
28151,Torrelaguna,4,635,13.5192676176283,239,5.08835426868214,231,4.91803278688525,268,5.70576964019587,4697,22666,18914,2619,55.7589951032574,1842,39.2165211837343,291,1536,40.8275222,-3.5395265,1245,1804,0.810546875
28170,Villaconejos,4,602,17.9701492537313,256,7.64179104477612,189,5.64179104477612,290,8.65671641791045,3350,17011,14913,1712,51.1044776119403,1248,37.2537313432836,251,832,40.1044848,-3.4864498,581,1122,0.6983173076923077
28145,Talamanca de Jarama,2,588,17.0385395537525,223,6.46189510286873,203,5.88235294117647,186,5.38974210373805,3451,24014,19682,1949,56.476383656911,1152,33.3816285134744,196,1221,40.7451696,-3.5111468,1025,1407,0.8394758394758395
28146,Tielmes,4,579,22.0992366412214,140,5.34351145038168,112,4.27480916030534,216,8.24427480916031,2620,18939,16127,1466,55.9541984732824,953,36.3740458015267,202,835,40.2475704,-3.3124535,633,1051,0.7580838323353294
28178,Villanueva de Perales,1,527,35.464333781965,118,7.94078061911171,111,7.46971736204576,106,7.13324360699865,1486,24212,20084,714,48.0484522207268,586,39.4347240915209,51,469,40.3453499,-4.1021346,418,575,0.8912579957356077
28099,Navas del Rey,2,507,19.0673185408048,157,5.9044753666792,168,6.31816472358029,266,10.0037608123355,2659,20851,17672,1736,65.287702143663,971,36.5174877773599,167,684,40.3877545,-4.249999,517,950,0.7558479532163743
28030,"Cabrera, La",2,506,19.765625,194,7.578125,188,7.34375,146,5.703125,2560,23785,19576,1722,67.265625,915,35.7421875,215,779,40.47253,-3.72044,564,925,0.72400513478819
28031,Cadalso de los Vidrios,5,495,17.7546628407461,171,6.13342898134864,188,6.74318507890961,358,12.8407460545194,2788,17971,15339,2862,102.654232424677,1123,40.2797704447633,223,649,40.3015944,-4.4426499,426,1007,0.6563944530046225
28025,Brea de Tajo,5,473,84.4642857142857,33,5.89285714285714,15,2.67857142857143,60,10.7142857142857,560,,,474,84.6428571428571,199,35.5357142857143,39,145,40.2295666,-3.1096078,106,205,0.7310344827586207
28027,Buitrago del Lozoya,1,472,25.3627082213864,147,7.89897904352499,137,7.36163353036002,93,4.99731327243417,1861,23268,19393,1233,66.2547017732402,740,39.7635679742074,205,547,40.989823,-3.6383114,342,640,0.6252285191956124
28110,Perales de Tajuña,2,464,16.5773490532333,200,7.14540907466952,166,5.93068953197571,281,10.0392997499107,2799,19920,16775,1579,56.4130046445159,1007,35.9771346909611,114,750,40.2324096,-3.3514863,636,1031,0.848
28174,Villamanta,2,452,18.1017220664798,171,6.84821786143372,151,6.04725670804966,165,6.6079295154185,2497,21630,18110,1232,49.3392070484581,875,35.0420504605527,132,619,40.2986037,-4.1091663,487,784,0.7867528271405493
28028,Bustarviejo,1,451,19.0295358649789,186,7.84810126582278,176,7.42616033755274,180,7.59493670886076,2370,25106,20344,2409,101.645569620253,952,40.168776371308,147,752,40.857568,-3.7092432,605,932,0.8045212765957447
28008,Aldea del Fresno,4,448,17.3374613003096,132,5.10835913312694,134,5.18575851393189,255,9.86842105263158,2584,20626,17421,1989,76.9736842105263,975,37.7321981424149,124,658,40.3208765,-4.1987434,534,913,0.8115501519756839
28042,Colmenar del Arroyo,2,448,27.4509803921569,96,5.88235294117647,103,6.31127450980392,125,7.6593137254902,1632,24248,19953,1104,67.6470588235294,588,36.0294117647059,71,495,40.4176079,-4.1987434,424,620,0.8565656565656565
28109,Pelayos de la Presa,5,439,17.7660866046135,142,5.74666127074059,176,7.12262242007284,265,10.7244030756779,2471,20984,17622,2975,120.396600566572,955,38.6483205180089,148,590,40.3588183,-4.3344973,442,855,0.7491525423728813
28119,Quijorna,2,418,12.9052176597715,233,7.19357826489657,213,6.5761037357209,198,6.11299783883915,3239,26484,21691,1603,49.4905835134301,1172,36.1840074096944,98,1060,40.429024,-4.0567709,962,1258,0.9075471698113208
28120,Rascafría,1,407,24.0543735224586,167,9.86997635933806,134,7.91962174940898,83,4.90543735224586,1692,24390,20573,1758,103.900709219858,772,45.6264775413712,190,450,40.9049836,-3.8795305,260,533,0.5777777777777777
28051,Chapinería,2,406,18.3378500451671,146,6.59439927732611,143,6.45889792231256,173,7.81391147244806,2214,24275,19912,1397,63.0984643179765,782,35.3206865401987,93,583,40.3789786,-4.2115526,490,756,0.8404802744425386
28169,Venturada,2,404,20.0595829195631,202,10.0297914597815,162,8.04369414101291,81,4.02184707050646,2014,42127,31899,1332,66.137040714995,707,35.1042701092354,71,504,40.7990504,-3.6224135,433,585,0.8591269841269841
28901,Lozoyuela-Navas-Sieteiglesias,1,365,30.1652892561983,88,7.27272727272727,80,6.61157024793388,78,6.44628099173554,1210,21328,17869,1930,159.504132231405,489,40.4132231404959,72,315,40.9124015,-3.6116494,243,393,0.7714285714285715
28183,Zarzalejo,1,359,22.9392971246006,135,8.62619808306709,91,5.814696485623,121,7.73162939297125,1565,22586,18815,1622,103.642172523962,610,38.9776357827476,75,370,40.5403425,-4.1596946,295,491,0.7972972972972973
28179,Villar del Olmo,2,359,18.1221605249874,231,11.660777385159,145,7.31953558808682,111,5.60323069156991,1981,28051,22466,1209,61.0297829379101,747,37.7082281675921,43,582,40.3361286,-3.2360518,539,693,0.9261168384879725
28057,Fresno de Torote,4,328,16.0469667318982,147,7.19178082191781,105,5.13698630136986,141,6.89823874755382,2044,24434,20145,1129,55.2348336594912,808,39.5303326810176,81,693,40.5923751,-3.4123004,612,834,0.8831168831168831
28060,Fuentidueña de Tajo,4,305,15.754132231405,105,5.42355371900826,97,5.0103305785124,193,9.96900826446281,1936,18386,15807,1419,73.2954545454545,766,39.5661157024793,90,523,40.1188967,-3.1616515,433,716,0.8279158699808795
28095,Navalagamella,4,289,11.9273627734214,141,5.81923235658275,112,4.6223689640941,187,7.71770532397854,2423,22183,18484,1403,57.9034255055716,850,35.080478745357,86,735,40.4685147,-4.1222221,649,922,0.8829931972789116
28137,"Santos de la Humosa, Los",4,281,11.5400410677618,141,5.79055441478439,115,4.72279260780287,162,6.65297741273101,2435,24756,20416,1185,48.6652977412731,854,35.0718685831622,77,741,40.47294,-3.64942,664,903,0.8960863697705803
28156,Valdeavero,1,270,19.1897654584222,101,7.17839374555792,103,7.32054015636105,114,8.10234541577825,1407,21825,18365,922,65.5294953802417,556,39.5167022032694,40,446,40.6336227,-3.3351139,406,560,0.9103139013452914
28035,Carabaña,4,265,13.6036960985626,127,6.51950718685832,114,5.85215605749487,152,7.80287474332649,1948,20306,17245,1649,84.6509240246407,789,40.5030800821355,61,547,40.2567009,-3.2376227,486,699,0.8884826325411335
28153,Torremocha de Jarama,3,262,28.9183222958057,41,4.52538631346578,57,6.29139072847682,51,5.62913907284768,906,,,510,56.2913907284768,285,31.4569536423841,67,268,40.8421508,-3.4946603,201,319,0.75
28037,Cenicientos,4,231,11.631419939577,98,4.93454179254783,93,4.68277945619335,225,11.3293051359517,1986,15844,13896,1986,100,824,41.4904330312185,113,418,40.2624728,-4.4658148,305,643,0.7296650717703349
28019,Belmonte de Tajo,4,219,13.6448598130841,112,6.97819314641745,65,4.04984423676012,87,5.42056074766355,1605,18807,16082,967,60.2492211838006,633,39.4392523364486,75,523,40.1344349,-3.3376324,448,610,0.8565965583173997
28102,Orusco de Tajuña,4,218,17.7959183673469,47,3.83673469387755,52,4.24489795918367,103,8.40816326530612,1225,20102,16999,994,81.1428571428571,488,39.8367346938776,66,326,40.2836404,-3.2093551,260,429,0.7975460122699386
28017,Batres,2,217,13.716814159292,141,8.91276864728192,124,7.83817951959545,105,6.63716814159292,1582,25892,21040,993,62.7686472819216,526,33.2490518331226,27,455,40.2098126,-3.9199616,428,560,0.9406593406593406
28135,Santa María de la Alameda,5,212,18.0118946474087,116,9.85556499575191,89,7.56159728122345,102,8.6661002548853,1177,20612,17272,2488,211.384876805438,517,43.9252336448598,54,277,40.5963264,-4.2596149,223,379,0.8050541516245487
28094,Navalafuente,4,211,16.6666666666667,84,6.63507109004739,59,4.66034755134281,119,9.39968404423381,1266,24013,19707,1184,93.522906793049,443,34.9921011058452,53,420,40.8233408,-3.6748439,367,539,0.8738095238095238
28175,Villamantilla,4,210,15.7421289355322,100,7.49625187406297,70,5.24737631184408,102,7.64617691154423,1334,25525,20773,737,55.2473763118441,450,33.7331334332834,68,409,40.3418042,-4.1302671,341,511,0.8337408312958435
28056,Fresnedillas de la Oliva,4,201,12.9928894634777,93,6.01163542340013,79,5.10665804783452,136,8.79120879120879,1547,21604,18010,851,55.0096961861668,603,38.9786683904331,49,396,40.4864017,-4.1722255,347,532,0.8762626262626263
28147,Titulcia,4,181,14.3879173290938,88,6.99523052464229,64,5.08744038155803,93,7.39268680445151,1258,21341,18005,679,53.9745627980922,467,37.1224165341812,45,367,40.1377552,-3.5698814,322,460,0.8773841961852861
28168,"Vellón, El",4,179,9.69664138678223,110,5.95882990249187,97,5.2546045503792,138,7.47562296858071,1846,21441,18062,1480,80.1733477789816,718,38.8949079089924,43,579,40.4786715,-3.7341341,536,717,0.92573402417962
28128,Rozas de Puerto Real,6,169,31.7073170731707,19,3.56472795497186,25,4.69043151969981,32,6.00375234521576,533,,,694,130.206378986867,218,40.9005628517824,39,129,40.3092383,-4.4922092,90,161,0.6976744186046512
28012,Anchuelo,4,163,13.4156378600823,88,7.24279835390946,63,5.18518518518519,68,5.59670781893004,1215,22248,18507,603,49.6296296296296,461,37.9423868312757,31,365,40.4647291,-3.2690503,334,433,0.915068493150685
28158,Valdemanco,5,154,16.9045005488474,65,7.13501646542261,71,7.79363336992316,43,4.72008781558727,911,,,1148,126.015367727772,380,41.7124039517014,42,234,40.8722993,-3.6629577,192,277,0.8205128205128205
28088,Montejo de la Sierra,5,154,42.8969359331476,23,6.4066852367688,29,8.07799442896936,11,3.06406685236769,359,,,411,114.484679665738,126,35.0974930362117,40,76,41.0595052,-3.5297283,36,87,0.47368421052631576
28116,Pozuelo del Rey,4,138,12.861136999068,77,7.17614165890028,75,6.98974836905871,70,6.5237651444548,1073,22484,18762,579,53.9608574091333,408,38.0242311276794,16,379,40.3665441,-3.3206352,363,449,0.9577836411609498
28021,"Berrueco, El",4,131,17.4202127659574,40,5.31914893617021,38,5.0531914893617,46,6.11702127659574,752,,,831,110.505319148936,255,33.9095744680851,41,180,40.8893089,-3.5629234,139,226,0.7722222222222223
28111,Pezuela de las Torres,5,131,16.5195460277427,49,6.17906683480454,46,5.80075662042875,40,5.04413619167718,793,,,752,94.8297604035309,295,37.2005044136192,37,233,40.418973,-3.1760832,196,273,0.8412017167381974
28076,Lozoya,1,126,21.875,43,7.46527777777778,45,7.8125,28,4.86111111111111,576,,,787,136.631944444444,289,50.1736111111111,44,168,40.9553281,-3.7969976,124,196,0.7380952380952381
28159,Valdemaqueda,5,124,15.9178433889602,56,7.18870346598203,47,6.03337612323492,78,10.012836970475,779,,,988,126.829268292683,351,45.0577663671374,33,171,40.5104708,-4.2974563,138,249,0.8070175438596491
28029,Cabanillas de la Sierra,5,120,16.6898470097357,45,6.2586926286509,52,7.23226703755216,33,4.58970792767733,719,,,628,87.3435326842837,310,43.115438108484,40,235,40.8187877,-3.6246658,195,268,0.8297872340425532
28101,Olmeda de las Fuentes,5,115,35.2760736196319,32,9.8159509202454,25,7.66871165644172,16,4.9079754601227,326,,,284,87.1165644171779,146,44.7852760736196,20,97,40.3693459,-3.2212883,77,113,0.7938144329896907
28063,Gargantilla del Lozoya y Pinilla de Buitrago,1,112,34.4615384615385,28,8.61538461538461,27,8.30769230769231,13,4,325,,,936,288,183,56.3076923076923,19,86,40.9648298,-3.7079745,67,99,0.7790697674418605
28107,Patones,5,108,20.1117318435754,27,5.02793296089385,28,5.21415270018622,20,3.7243947858473,537,,,472,87.8957169459963,194,36.1266294227188,31,157,40.8544733,-3.4839237,126,177,0.802547770700637
28173,Villamanrique de Tajo,4,105,14.8936170212766,45,6.38297872340426,38,5.39007092198582,66,9.36170212765957,705,,,647,91.7730496453901,294,41.7021276595745,26,174,40.068126,-3.2395077,148,240,0.8505747126436781
28034,Canencia,1,100,22.1729490022173,37,8.2039911308204,33,7.31707317073171,30,6.65188470066519,451,,,692,153.436807095344,217,48.1152993348115,27,120,40.9070688,-3.7397005,93,150,0.775
28157,Valdelaguna,4,92,10.9393579072533,35,4.16171224732461,52,6.18311533888228,70,8.32342449464923,841,,,728,86.563614744352,319,37.9310344827586,26,206,40.1616853,-3.3678641,180,276,0.8737864077669902
28163,Valdepiélagos,5,90,15.6794425087108,48,8.36236933797909,37,6.44599303135888,31,5.4006968641115,574,,,469,81.7073170731707,211,36.7595818815331,20,168,40.7608617,-3.4656137,148,199,0.8809523809523809
28122,Ribatejada,4,82,11.9013062409289,34,4.93468795355588,36,5.22496371552975,65,9.43396226415094,689,,,626,90.8563134978229,279,40.4934687953556,23,188,40.6674275,-3.3930713,165,253,0.8776595744680851
28136,Santorcaz,4,78,9.16568742655699,44,5.17038777908343,41,4.81786133960047,49,5.75793184488837,851,,,576,67.6850763807286,322,37.8378378378378,22,223,40.4720739,-3.2338527,201,272,0.9013452914798207
28902,Puentes Viejas,4,76,12.1212121212121,40,6.37958532695375,29,4.62519936204147,49,7.81499202551834,627,,,900,143.540669856459,296,47.2089314194577,17,196,40.964983,-3.583199,179,245,0.9132653061224489
28062,Garganta de los Montes,1,75,21.3675213675214,37,10.5413105413105,30,8.54700854700855,19,5.41310541310541,351,,,658,187.464387464387,179,50.997150997151,13,102,40.9220447,-3.6857781,89,121,0.8725490196078431
28121,Redueña,1,73,27.9693486590038,19,7.27969348659004,14,5.3639846743295,10,3.83141762452107,261,,,252,96.551724137931,133,50.9578544061303,10,90,40.8163179,-3.6032704,80,100,0.8888888888888888
28011,Ambite,4,72,12.1008403361345,32,5.3781512605042,29,4.87394957983193,70,11.7647058823529,595,,,736,123.697478991597,261,43.8655462184874,22,151,40.3283739,-3.1823592,129,221,0.8543046357615894
28155,Valdaracete,4,66,10.2964118564743,31,4.83619344773791,24,3.74414976599064,50,7.8003120124805,641,,,470,73.3229329173167,250,39.0015600624025,22,153,40.2106498,-3.1949136,131,203,0.8562091503267973
28048,Corpa,4,62,9.22619047619048,29,4.31547619047619,24,3.57142857142857,46,6.84523809523809,672,,,407,60.5654761904762,258,38.3928571428571,12,222,40.4254386,-3.2640205,210,268,0.9459459459459459
28020,Berzosa del Lozoya,6,53,26.7676767676768,7,3.53535353535354,12,6.06060606060606,15,7.57575757575758,198,,,171,86.3636363636364,85,42.9292929292929,19,51,40.9755539,-3.5236688,32,66,0.6274509803921569
28064,Gascones,6,53,30.9941520467836,19,11.1111111111111,18,10.5263157894737,11,6.4327485380117,171,,,171,100,72,42.1052631578947,6,59,41.0182682,-3.6417313,53,70,0.8983050847457628
28003,Alameda del Valle,1,52,25,16,7.69230769230769,18,8.65384615384615,9,4.32692307692308,208,,,393,188.942307692308,113,54.3269230769231,10,72,40.9187866,-3.8439011,62,81,0.8611111111111112
28166,Valverde de Alcalá,4,47,10.9302325581395,28,6.51162790697674,21,4.88372093023256,24,5.58139534883721,430,,,260,60.4651162790698,175,40.6976744186046,5,131,40.4190426,-3.2989252,126,155,0.9618320610687023
28024,Braojos,1,45,22.3880597014925,24,11.9402985074627,18,8.95522388059701,12,5.97014925373134,201,,,238,118.407960199005,86,42.7860696517413,9,67,41.0402585,-3.6429982,58,79,0.8656716417910447
28182,Villavieja del Lozoya,5,45,16.6666666666667,24,8.88888888888889,15,5.55555555555556,12,4.44444444444444,270,,,431,159.62962962963,122,45.1851851851852,7,71,41.0063444,-3.6711079,64,83,0.9014084507042254
28070,Horcajo de la Sierra-Aoslos,1,43,30.0699300699301,11,7.69230769230769,10,6.99300699300699,5,3.4965034965035,143,,,385,269.230769230769,90,62.9370629370629,5,43,41.0551319,-3.5967937,38,48,0.8837209302325582
28117,Prádena del Rincón,1,33,24.6268656716418,14,10.4477611940299,10,7.46268656716418,2,1.49253731343284,134,,,202,150.746268656716,51,38.0597014925373,6,39,41.0440748,-3.5404748,33,41,0.8461538461538461
28071,Horcajuelo de la Sierra,1,31,36.046511627907,7,8.13953488372093,5,5.81395348837209,1,1.16279069767442,86,,,165,191.860465116279,43,50,5,23,41.0602602,-3.5461651,18,24,0.782608695652174
28114,Piñuécar-Gandullas,5,31,16.7567567567568,14,7.56756756756757,17,9.18918918918919,9,4.86486486486486,185,,,236,127.567567567568,77,41.6216216216216,2,43,41.0288141,-3.596457,41,52,0.9534883720930233
28039,Cervera de Buitrago,5,30,19.1082802547771,6,3.82165605095541,8,5.09554140127389,8,5.09554140127389,157,,,215,136.942675159236,81,51.5923566878981,7,42,40.9218597,-3.5300444,35,50,0.8333333333333334
28138,"Serna del Monte, La",6,27,35.0649350649351,10,12.987012987013,12,15.5844155844156,5,6.49350649350649,77,,,113,146.753246753247,41,53.2467532467532,2,30,40.4724364,-3.7196632,28,35,0.9333333333333333
28118,Puebla de la Sierra,7,26,39.3939393939394,0,0,6,9.09090909090909,,0,66,,,171,259.090909090909,52,78.7878787878788,3,22,41.0117046,-3.4451018,19,NA,0.8636363636363636
28143,Somosierra,6,25,32.4675324675325,8,10.3896103896104,5,6.49350649350649,5,6.49350649350649,77,,,98,127.272727272727,43,55.8441558441558,4,28,41.1330027,-3.5824103,24,33,0.8571428571428571
28112,Pinilla del Valle,4,21,10.9375,8,4.16666666666667,6,3.125,11,5.72916666666667,192,,,287,149.479166666667,97,50.5208333333333,8,49,40.9265024,-3.8203738,41,60,0.8367346938775511
28097,Navarredonda y San Mamés,7,20,15.1515151515152,13,9.84848484848485,12,9.09090909090909,4,3.03030303030303,132,,,323,244.69696969697,81,61.3636363636364,3,33,40.9906493,-3.7260317,30,37,0.9090909090909091
28078,Madarcos,7,16,34.0425531914894,8,17.0212765957447,0,0,1,2.12765957446809,47,,,78,165.957446808511,26,55.3191489361702,3,13,41.0476701,-3.5820602,10,14,0.7692307692307693
28069,"Hiruela, La",7,15,27.7777777777778,0,0,0,0,1,1.85185185185185,54,,,141,261.111111111111,36,66.6666666666667,4,19,40.4722377,-3.7188647,15,20,0.7894736842105263
28001,"Acebeda, La",1,14,21.2121212121212,6,9.09090909090909,6,9.09090909090909,5,7.57575757575758,66,,,147,222.727272727273,34,51.5151515151515,5,15,40.3405608,-3.7170023,10,20,0.6666666666666666
28016,"Atazar, El",7,12,12.6315789473684,0,0,0,0,7,7.36842105263158,95,,,70,73.6842105263158,41,43.1578947368421,8,34,40.3988486,-3.6861415,26,41,0.7647058823529411
28126,Robregordo,7,7,15.5555555555556,0,0,0,0,1,2.22222222222222,45,,,159,353.333333333333,40,88.8888888888889,2,18,41.10675,-3.5934508,16,19,0.8888888888888888
28124,Robledillo de la Jara,7,7,7.07070707070707,0,0,0,0,3,3.03030303030303,99,,,191,192.929292929293,46,46.4646464646465,2,29,40.9525839,-3.525304,27,32,0.9310344827586207